,index,mut,mean_x,std_x
0,0,M1A,-5.2297160434722905,5.618590668356108e-07
1,1,M1R,-4.851541604995727,5.616971711207287e-07
2,2,M1N,-4.603053259849548,5.776425094406952e-07
3,3,M1D,-4.665602173805237,7.14476478785411e-07
4,4,M1C,-6.539613313674927,6.290637048355282e-07
5,5,M1E,-3.880340027809143,4.972613719609793e-07
6,6,M1Q,-3.769222023487091,3.822066223005442e-07
7,7,M1G,-6.19194899559021,7.764689548238699e-07
8,8,M1H,-4.531672258377075,5.817413330078125e-07
9,9,M1I,-6.47329695224762,6.620141685922065e-07
10,10,M1L,-5.985308437347412,5.967898501267255e-07
11,11,M1K,-4.023127717971802,4.826195117523193e-07
12,12,M1M,-3.1543085622787475,5.405112723866253e-07
13,13,M1F,-6.486163759231568,6.860492024392213e-07
14,14,M1P,-4.902243628501892,5.455775641673099e-07
15,15,M1S,-4.160226912498474,5.210196072238309e-07
16,16,M1T,-3.5390038824081422,3.03494770831481e-07
17,17,M1W,-8.006541814804077,8.324325878296657e-07
18,18,M1Y,-6.550427107810974,6.457403374386209e-07
19,19,M1V,-5.441198177337647,6.01344405000093e-07
20,0,T2A,-9.055611400604247,9.87225669449428e-07
21,1,T2R,-6.515256185531616,6.482881316893524e-07
22,2,T2N,-7.26082902431488,7.536290227224857e-07
23,3,T2D,-8.350491905212403,9.910874219334863e-07
24,4,T2C,-7.7012748670578,7.673819661879133e-07
25,5,T2E,-5.7360676622390745,6.704778100122432e-07
26,6,T2Q,-6.18831118106842,5.957793591040477e-07
27,7,T2G,-11.795620622634887,1.2485123024498494e-06
28,8,T2H,-7.9829953670501705,1.0036261167454344e-06
29,9,T2I,-4.652840013504028,5.504113781169155e-07
30,10,T2L,-7.26526225566864,7.195502736791802e-07
31,11,T2K,-5.927056446075439,6.912658796089215e-07
32,12,T2M,-7.812613048553467,7.062343056325386e-07
33,13,T2F,-9.711674280166626,1.0469155004615025e-06
34,14,T2P,-13.423895931243896,1.8019145610514806e-06
35,15,T2S,-7.48579930305481,8.42208357778944e-07
36,16,T2T,-3.6014150309562685,3.776583406515115e-07
37,17,T2W,-9.464717979431152,9.371275708418457e-07
38,18,T2Y,-9.082962293624878,9.617936687113547e-07
39,19,T2V,-3.1640429878234864,3.103473681501959e-07
40,0,Y3A,-16.43827013015747,1.659612531541366e-06
41,1,Y3R,-16.666700706481933,1.7560042246221788e-06
42,2,Y3N,-16.637268104553222,1.906967124931335e-06
43,3,Y3D,-19.565775356292725,2.086869528736643e-06
44,4,Y3C,-15.985313014984131,1.5564479071406058e-06
45,5,Y3E,-18.552188453674315,2.046825931594287e-06
46,6,Y3Q,-17.115686836242677,1.8210934848449733e-06
47,7,Y3G,-23.68532579421997,2.2421692428360634e-06
48,8,Y3H,-11.082788734436035,1.4655588311995337e-06
49,9,Y3I,-19.074826698303223,1.7401877941828971e-06
50,10,Y3L,-16.076497917175292,1.1386727566985534e-06
51,11,Y3K,-17.203232402801515,1.8033272735860467e-06
52,12,Y3M,-13.546611862182617,1.3192456410057516e-06
53,13,Y3F,-5.770821070671081,5.77642509440695e-07
54,14,Y3P,-27.278565673828126,2.7444619367378137e-06
55,15,Y3S,-17.01184488296509,1.761692288775181e-06
56,16,Y3T,-17.418055782318117,1.8025201448565296e-06
57,17,Y3W,-9.573082618713379,1.0779473229175419e-06
58,18,Y3Y,-5.1299380016326905,4.1907448850097296e-07
59,19,Y3V,-17.70752613067627,1.7774197017245083e-06
60,0,K4A,-12.086663408279419,8.951847751900878e-07
61,1,K4R,-6.382491536140442,4.6669180805652875e-07
62,2,K4N,-11.008628511428833,8.675291728334556e-07
63,3,K4D,-13.669646682739257,1.0387610476829611e-06
64,4,K4C,-11.46271562576294,8.996945507103542e-07
65,5,K4E,-11.531741456985474,8.641678654206903e-07
66,6,K4Q,-9.878605899810792,6.853196801460899e-07
67,7,K4G,-17.105270099639892,1.2470909910795238e-06
68,8,K4H,-10.522187232971191,1.0002220613194958e-06
69,9,K4I,-10.85200963973999,1.062138045679157e-06
70,10,K4L,-12.064379816055299,1.1808244269526593e-06
71,11,K4K,-5.7812010860443115,4.6319520738910284e-07
72,12,K4M,-12.06931990623474,7.592948646302425e-07
73,13,K4F,-15.887278442382813,1.6143878150557586e-06
74,14,K4P,-21.64675369262695,1.7481138973067622e-06
75,15,K4S,-9.607574796676635,7.309775217416721e-07
76,16,K4T,-5.436433100700379,4.4412460351460344e-07
77,17,K4W,-15.44946629524231,1.4161662214865466e-06
78,18,K4Y,-14.757154264450072,1.4099874001584012e-06
79,19,K4V,-8.791964197158814,8.134232573143009e-07
80,0,L5A,-13.494020328521728,1.2725031894013154e-06
81,1,L5R,-14.057288789749146,1.6972991686399154e-06
82,2,L5N,-10.373174180984497,1.2323819223319587e-06
83,3,L5D,-15.036168022155762,1.3123334817329085e-06
84,4,L5C,-6.612011590003967,1.007142841666366e-06
85,5,L5E,-14.434280023574829,1.4138523278711665e-06
86,6,L5Q,-12.972618465423585,1.4066615346902703e-06
87,7,L5G,-15.140204210281372,1.7680566279007378e-06
88,8,L5H,-12.76104754447937,1.7672333904773477e-06
89,9,L5I,-12.396731014251708,1.5888340046212951e-06
90,10,L5L,-6.371389994621277,1.146106653153665e-06
91,11,L5K,-14.551937065124513,1.9726079519421252e-06
92,12,L5M,-8.870429601669311,9.91958828706178e-07
93,13,L5F,-12.099084949493408,2.0117781743744815e-06
94,14,L5P,-21.85147123336792,2.648056674368826e-06
95,15,L5S,-13.619655714035034,1.3344285955423823e-06
96,16,L5T,-11.966973152160644,1.0681152343750007e-06
97,17,L5W,-14.809594221115113,2.0061418207134286e-06
98,18,L5Y,-13.917424020767212,2.135442690689518e-06
99,19,L5V,-12.18299271583557,1.4579369216511075e-06
100,0,I6A,-8.533786458969116,6.884313248929581e-07
101,1,I6R,-6.194577865600586,5.582050562538869e-07
102,2,I6N,-8.533030481338502,6.936956441466641e-07
103,3,I6D,-8.67762354850769,7.544883921172511e-07
104,4,I6C,-7.698111529350281,6.991642616977827e-07
105,5,I6E,-6.416903238296509,6.341037830306742e-07
106,6,I6Q,-6.3101521015167235,6.379646377687293e-07
107,7,I6G,-12.688336744308472,1.0524607343218312e-06
108,8,I6H,-9.660555648803712,8.092194914091652e-07
109,9,I6I,-4.755669512748718,5.724230984868115e-07
110,10,I6L,-7.291920337677002,1.1016486418299607e-06
111,11,I6K,-5.321134090423584,5.955694197080992e-07
112,12,I6M,-8.280888042449952,8.467854644936791e-07
113,13,I6F,-12.255957670211792,9.172641651182811e-07
114,14,I6P,-13.235368785858155,1.438879334452996e-06
115,15,I6S,-8.761138362884521,7.999502935604393e-07
116,16,I6T,-6.260377702713012,5.592631115492152e-07
117,17,I6W,-11.478335428237916,8.984300461490997e-07
118,18,I6Y,-11.647052392959594,9.526724321083322e-07
119,19,I6V,-3.1372898912429807,2.487335463665956e-07
120,0,L7A,-7.104338269233704,8.537782300477444e-07
121,1,L7R,-8.135712728500366,1.2928883603731852e-06
122,2,L7N,-7.574263257980347,9.613207406851644e-07
123,3,L7D,-9.734979696273804,1.1304561050572208e-06
124,4,L7C,-5.027232227325439,9.029236128650379e-07
125,5,L7E,-8.478501529693604,1.092196525743134e-06
126,6,L7Q,-7.868415970802307,1.166634511676919e-06
127,7,L7G,-8.870209951400756,1.1668781076120382e-06
128,8,L7H,-8.118318014144897,1.3163124083391475e-06
129,9,L7I,-3.0285069608688353,7.008208589396616e-07
130,10,L7L,-6.541443457603455,1.150067566458956e-06
131,11,L7K,-8.510009908676148,1.1473855414882634e-06
132,12,L7M,-6.395403027534485,1.1956638258094628e-06
133,13,L7F,-6.770466856956482,1.6364548304193556e-06
134,14,L7P,-11.677284336090088,1.724542743685257e-06
135,15,L7S,-6.710515265464783,7.791437454448865e-07
136,16,L7T,-3.532244508266449,6.188374562089385e-07
137,17,L7W,-7.097691249847412,1.5900928497822835e-06
138,18,L7Y,-7.061888484954834,1.614669474568176e-06
139,19,L7V,-2.6798337173461912,3.4232790176005476e-07
140,0,N8A,-5.701285319328308,6.147131942777118e-07
141,1,N8R,-3.463273756504059,4.2843095574833863e-07
142,2,N8N,-2.462177698612213,3.249060066640913e-07
143,3,N8D,-3.66833473443985,4.7609151715554894e-07
144,4,N8C,-5.746205191612244,5.57287810101666e-07
145,5,N8E,-3.838571693897247,4.919690977769182e-07
146,6,N8Q,-3.833957402706146,5.401693746913216e-07
147,7,N8G,-7.49036678314209,8.060663837095427e-07
148,8,N8H,-4.527746543884278,6.779812846060261e-07
149,9,N8I,-5.608173379898071,8.395042849228589e-07
150,10,N8L,-5.777411227226257,6.959045849299605e-07
151,11,N8K,-3.2747679924964905,4.6168943716111204e-07
152,12,N8M,-6.006590585708619,6.857840113962866e-07
153,13,N8F,-7.383681502342224,8.375383729178717e-07
154,14,N8P,-10.65752836227417,1.498331312446049e-06
155,15,N8S,-4.38099063873291,5.881936624568662e-07
156,16,N8T,-4.321048393249511,6.400284475541118e-07
157,17,N8W,-8.225901355743408,7.463072794538055e-07
158,18,N8Y,-7.176976757049561,8.112400176291181e-07
159,19,N8V,-5.149524931907654,7.614329484680177e-07
160,0,G9A,-7.954977889060974,1.0344069698471233e-06
161,1,G9R,-13.887789583206176,1.8412336899097254e-06
162,2,G9N,-10.583848762512208,1.6296393862376293e-06
163,3,G9D,-10.365412359237672,2.3032962347278886e-06
164,4,G9C,-8.500544042587281,1.1559146449347415e-06
165,5,G9E,-12.736057538986206,1.67833132630626e-06
166,6,G9Q,-13.087836818695068,1.538817859766385e-06
167,7,G9G,-6.220056018829346,1.1277576827312076e-06
168,8,G9H,-12.201523313522339,1.6099593009087755e-06
169,9,G9I,-16.369535541534425,1.755900634720036e-06
170,10,G9L,-15.84965573310852,1.9446305614439132e-06
171,11,G9K,-14.498441581726075,2.099296912518783e-06
172,12,G9M,-14.375885543823243,1.7341145527161732e-06
173,13,G9F,-15.502673721313476,2.240627312559265e-06
174,14,G9P,-13.660448808670044,2.537042560525385e-06
175,15,G9S,-5.608294682502747,9.797698302937188e-07
176,16,G9T,-7.704939136505127,1.0736356854291905e-06
177,17,G9W,-15.293942699432373,2.4818263271806484e-06
178,18,G9Y,-15.088117036819458,2.232881323682255e-06
179,19,G9V,-13.66058093070984,1.5240598803386583e-06
180,0,K10A,-4.456663379669189,5.414989306098329e-07
181,1,K10R,-2.4799219131469727,2.500555153298742e-07
182,2,K10N,-4.643585295677185,8.139681522480071e-07
183,3,K10D,-5.150350279808045,8.76382073230446e-07
184,4,K10C,-6.428042988777161,6.407917918348624e-07
185,5,K10E,-4.290015621185303,7.884989398420105e-07
186,6,K10Q,-3.958615789413452,6.252933489908407e-07
187,7,K10G,-5.790000939369202,1.2819294985551903e-06
188,8,K10H,-4.416399340629578,6.952508156232312e-07
189,9,K10I,-6.735377106666565,9.252484128121023e-07
190,10,K10L,-6.045219988822937,9.164581931107146e-07
191,11,K10K,-2.460735580921173,4.306013794474768e-07
192,12,K10M,-6.420021619796753,7.460025522844101e-07
193,13,K10F,-7.242120113372803,9.999492362761017e-07
194,14,K10P,-10.108056421279906,2.0349497110843588e-06
195,15,K10S,-4.19940450668335,6.373227862016159e-07
196,16,K10T,-4.407023439407348,7.747099803797253e-07
197,17,K10W,-7.409819979667663,8.349281116008772e-07
198,18,K10Y,-7.067945070266724,9.072946900399445e-07
199,19,K10V,-5.521811351776123,7.837555241128667e-07
200,0,T11A,-3.11017317533493,3.7134411240039123e-07
201,1,T11R,-3.0061042523384094,2.822920276964387e-07
202,2,T11N,-2.9688092136383055,3.3296757221405187e-07
203,3,T11D,-2.226286702156067,2.2258644136397947e-07
204,4,T11C,-4.8906230449676515,4.5487365790221526e-07
205,5,T11E,-1.7539572072029115,1.8268215898981609e-07
206,6,T11Q,-2.693606822490692,2.58230545570453e-07
207,7,T11G,-5.894692273139953,6.095127958514877e-07
208,8,T11H,-2.8147050666809084,3.373096310391879e-07
209,9,T11I,-4.242462449073791,4.568438427836613e-07
210,10,T11L,-3.9655177783966065,4.2339273224683985e-07
211,11,T11K,-2.2232440972328185,2.520818477092256e-07
212,12,T11M,-4.452438020706177,3.784777609440693e-07
213,13,T11F,-4.239806880950928,5.112619458648767e-07
214,14,T11P,-6.784433155059815,8.538448061218034e-07
215,15,T11S,-2.4954516315460205,2.162129220724988e-07
216,16,T11T,-2.1929386901855468,2.0364910606444022e-07
217,17,T11W,-4.97581934928894,4.83936861281024e-07
218,18,T11Y,-4.02460780620575,4.987224313857879e-07
219,19,T11V,-3.1568765354156496,3.238984622524586e-07
220,0,L12A,-6.396588244438171,5.803129765040338e-07
221,1,L12R,-4.7185255146026615,4.843125887143946e-07
222,2,L12N,-5.000906014442444,6.045685926964747e-07
223,3,L12D,-5.923994293212891,6.484985351562499e-07
224,4,L12C,-5.475731697082519,5.473459187424376e-07
225,5,L12E,-4.726133499145508,4.903778126595478e-07
226,6,L12Q,-4.578324670791626,4.554730963233774e-07
227,7,L12G,-8.78514994621277,9.430773398103396e-07
228,8,L12H,-3.6742154288291933,4.135789304281072e-07
229,9,L12I,-2.603407802581787,2.2140859158027434e-07
230,10,L12L,-4.062256526947022,4.3179441157042633e-07
231,11,L12K,-4.420827593803406,4.780515465804839e-07
232,12,L12M,-5.087129263877869,5.122172235428498e-07
233,13,L12F,-3.5543599581718444,4.234128703111215e-07
234,14,L12P,-10.302643365859986,1.0726610588685197e-06
235,15,L12S,-5.542829418182373,6.572746635480037e-07
236,16,L12T,-3.4513156318664553,4.954519351143094e-07
237,17,L12W,-4.292553548812866,6.524833100546771e-07
238,18,L12Y,-3.1788710069656374,3.9144235831242667e-07
239,19,L12V,-2.268156213760376,2.2588194431928663e-07
240,0,K13A,-5.515104594230652,7.125644915600853e-07
241,1,K13R,-3.2212653279304506,4.74896056343129e-07
242,2,K13N,-5.541451745033264,9.219002448417397e-07
243,3,K13D,-6.8244051742553715,9.793636262848096e-07
244,4,K13C,-5.533530836105347,7.910899470287518e-07
245,5,K13E,-4.8760984516143795,6.90278403442291e-07
246,6,K13Q,-4.11621940612793,5.960273739623928e-07
247,7,K13G,-7.6666728067398076,1.098372425243026e-06
248,8,K13H,-4.56895272731781,1.0755294388427685e-06
249,9,K13I,-6.239567284584045,7.27844713118937e-07
250,10,K13L,-7.166009688377381,9.006417640459121e-07
251,11,K13K,-3.138545186519623,4.7642570863996466e-07
252,12,K13M,-5.851908354759217,6.206031492292732e-07
253,13,K13F,-7.125910844802856,1.3973525593909016e-06
254,14,K13P,-10.435151643753052,1.4416262841046276e-06
255,15,K13S,-3.8962154293060305,6.834924678192611e-07
256,16,K13T,-2.773624663352966,3.108232209726763e-07
257,17,K13W,-7.704155945777893,9.919473677976011e-07
258,18,K13Y,-6.83944504737854,1.2489493036191458e-06
259,19,K13V,-4.633746376037598,7.088052435326397e-07
260,0,G14A,-12.394946641921997,8.341788754976163e-07
261,1,G14R,-12.05105619430542,7.921813834112236e-07
262,2,G14N,-11.684160737991332,8.363566076343029e-07
263,3,G14D,-13.042460069656372,8.935577198404438e-07
264,4,G14C,-13.088248529434203,8.666900681294672e-07
265,5,G14E,-12.920580720901489,8.56981313496182e-07
266,6,G14Q,-13.147710399627686,8.112400176291179e-07
267,7,G14G,-5.641282615661621,3.390577094007715e-07
268,8,G14H,-12.53492919921875,1.0762585433705056e-06
269,9,G14I,-17.03472318649292,8.688386515754978e-07
270,10,G14L,-14.809352331161499,1.0205206431034024e-06
271,11,G14K,-12.0461936378479,8.574587552257159e-07
272,12,G14M,-14.22877667427063,9.329937722551375e-07
273,13,G14F,-13.50640110015869,1.1981429118758712e-06
274,14,G14P,-16.637182426452636,1.1911388394161988e-06
275,15,G14S,-11.671612634658814,9.715783812797205e-07
276,16,G14T,-13.230727767944336,8.422623506858688e-07
277,17,G14W,-13.73294913291931,1.157487211670911e-06
278,18,G14Y,-13.166553716659546,1.0607242316282265e-06
279,19,G14V,-15.750892610549927,8.578299150790182e-07
280,0,E15A,-8.26394907951355,1.236507801491956e-06
281,1,E15R,-7.742722253799439,1.1823638636626072e-06
282,2,E15N,-9.457821531295776,1.236507801491956e-06
283,3,E15D,-8.588573427200318,1.1400696813369312e-06
284,4,E15C,-8.725733327865601,1.0904881120709679e-06
285,5,E15E,-3.7125239992141723,5.432805611218388e-07
286,6,E15Q,-5.850651640892028,8.696103191410778e-07
287,7,E15G,-11.886148777008056,1.7596260292220503e-06
288,8,E15H,-9.68687876701355,1.3760367072215272e-06
289,9,E15I,-7.498730006217957,8.573924597729523e-07
290,10,E15L,-10.204010505676269,1.5464822235583852e-06
291,11,E15K,-7.247991099357605,1.2406107957142645e-06
292,12,E15M,-7.953529868125916,8.77315581044179e-07
293,13,E15F,-11.75520040512085,1.6461866277559815e-06
294,14,E15P,-14.259349718093873,1.7988583044358734e-06
295,15,E15S,-7.348103394508362,1.0828613861562756e-06
296,16,E15T,-5.396468405723572,7.703392470459313e-07
297,17,E15W,-11.74143988609314,1.4097293615598792e-06
298,18,E15Y,-11.079022827148437,1.4036841959361355e-06
299,19,E15V,-5.757485179901123,7.609101965072139e-07
300,0,T16A,-8.738334255218506,1.1217739831949323e-06
301,1,T16R,-6.443772988319397,8.532454344452629e-07
302,2,T16N,-9.422545595169067,8.951847751900877e-07
303,3,T16D,-11.338259706497192,1.0914884836095877e-06
304,4,T16C,-4.436022877693176,6.551090080277484e-07
305,5,T16E,-7.723650736808777,1.0273489495005773e-06
306,6,T16Q,-7.118961868286132,1.0431296473598718e-06
307,7,T16G,-10.213689556121826,1.3461341849207994e-06
308,8,T16H,-10.721864614486694,9.353303981136188e-07
309,9,T16I,-5.747816019058227,1.0790014679042501e-06
310,10,T16L,-8.253732500076294,1.17340701762604e-06
311,11,T16K,-6.870743527412414,7.963466068105759e-07
312,12,T16M,-6.922383637428283,1.063453771579702e-06
313,13,T16F,-12.328015565872192,1.2678848076160746e-06
314,14,T16P,-13.081858463287354,1.81639284851914e-06
315,15,T16S,-8.286567306518554,8.635888231408529e-07
316,16,T16T,-5.349163594245911,8.413304873961995e-07
317,17,T16W,-12.04574023246765,1.1275560489875327e-06
318,18,T16Y,-12.20059217453003,1.0621380456791572e-06
319,19,T16V,-4.69287362575531,1.080422932169625e-06
320,0,T17A,-9.063147058486939,8.687863103211006e-07
321,1,T17R,-6.812668833732605,8.348191735945279e-07
322,2,T17N,-7.261488790512085,9.112955679629207e-07
323,3,T17D,-8.345353050231934,1.1013183619119304e-06
324,4,T17C,-7.7837305879592895,8.584525726439752e-07
325,5,T17E,-6.080125212669373,8.35145944983339e-07
326,6,T17Q,-6.98679868221283,7.60117916292464e-07
327,7,T17G,-11.210939655303955,9.967607597697378e-07
328,8,T17H,-7.3100198554992675,9.775045440726298e-07
329,9,T17I,-7.876761240959167,7.451333961545605e-07
330,10,T17L,-9.446261987686157,9.992668477821608e-07
331,11,T17K,-6.601000256538391,8.36560479371769e-07
332,12,T17M,-8.743681001663209,9.476951081443685e-07
333,13,T17F,-9.048987512588502,1.298223644775975e-06
334,14,T17P,-16.789224281311036,1.9145828386428244e-06
335,15,T17S,-6.0559310579299925,6.441891764469838e-07
336,16,T17T,-3.3834596729278563,3.257185241305938e-07
337,17,T17W,-9.087765741348267,1.1314211385445284e-06
338,18,T17Y,-8.237234239578248,1.218727121822342e-06
339,19,T17V,-6.137166924476624,7.133299014301928e-07
340,0,T18A,-7.55497389793396,9.65003432711667e-07
341,1,T18R,-11.553538999557496,1.6915021082775691e-06
342,2,T18N,-10.734974117279053,1.195559230363069e-06
343,3,T18D,-12.04331974029541,1.3615851057109655e-06
344,4,T18C,-4.339406137466431,5.462647816322204e-07
345,5,T18E,-12.039809474945068,1.5116264382228533e-06
346,6,T18Q,-11.914353923797607,1.44115304564389e-06
347,7,T18G,-10.492034854888916,1.1106928529007477e-06
348,8,T18H,-11.787903928756714,1.5750069203294516e-06
349,9,T18I,-9.494451761245728,1.4360637995124433e-06
350,10,T18L,-11.732921171188355,1.4169366796592374e-06
351,11,T18K,-11.908611078262329,1.757738447947478e-06
352,12,T18M,-11.706455793380737,1.4594333290979838e-06
353,13,T18F,-14.053229560852051,1.789861485569475e-06
354,14,T18P,-14.686358900070191,1.8217675801922667e-06
355,15,T18S,-9.04738278388977,9.572439145986905e-07
356,16,T18T,-8.345494995117187,8.648516882899952e-07
357,17,T18W,-15.19095209121704,2.047980899983208e-06
358,18,T18Y,-14.615097789764404,2.078835016287786e-06
359,19,T18V,-7.032781133651733,1.101855016504749e-06
360,0,E19A,-5.815195999145508,5.12150634082701e-07
361,1,E19R,-4.207440304756164,3.592138093309256e-07
362,2,E19N,-4.481090450286866,4.815819234067e-07
363,3,E19D,-4.964218292236328,5.473459187424377e-07
364,4,E19C,-6.673341979980469,6.519952634863741e-07
365,5,E19E,-3.1538007140159605,3.2053779744502924e-07
366,6,E19Q,-3.5030542159080507,2.774172034961929e-07
367,7,E19G,-9.230847311019897,1.030453814743724e-06
368,8,E19H,-4.3824069833755495,4.5364734501997213e-07
369,9,E19I,-4.868498582839965,4.494427363566655e-07
370,10,E19L,-5.822165613174438,4.0807901182812976e-07
371,11,E19K,-2.871412913799286,2.634606209112336e-07
372,12,E19M,-6.2562350034713745,4.1226426281429726e-07
373,13,E19F,-6.975702843666077,6.071206348502938e-07
374,14,E19P,-11.040872564315796,1.5582874908897733e-06
375,15,E19S,-4.696861395835876,4.5163804560745755e-07
376,16,E19T,-3.2660165333747866,2.703607817585845e-07
377,17,E19W,-8.096777000427245,7.854942429341883e-07
378,18,E19Y,-6.60637038230896,6.254387829616389e-07
379,19,E19V,-3.6650124096870424,4.119815097507254e-07
380,0,A20A,-6.31109833240509,5.244991991593181e-07
381,1,A20R,-14.573444375991821,1.4112768854525109e-06
382,2,A20N,-14.272885599136352,1.3640876842627225e-06
383,3,A20D,-14.318162851333618,1.2670237164707673e-06
384,4,A20C,-10.387910223007202,1.186357050383066e-06
385,5,A20E,-15.200096588134766,1.2899656996849756e-06
386,6,A20Q,-14.978272380828857,1.3339173267292693e-06
387,7,A20G,-12.97877601623535,1.167384624336194e-06
388,8,A20H,-13.216694593429565,1.2388592774168568e-06
389,9,A20I,-20.272498836517332,1.9941601324948673e-06
390,10,A20L,-17.63776891708374,1.8113787804090073e-06
391,11,A20K,-14.800051288604736,1.5089767842345038e-06
392,12,A20M,-14.084359035491943,1.160351652088556e-06
393,13,A20F,-14.46548147201538,1.4927364199160147e-06
394,14,A20P,-15.651085720062255,1.799490187856644e-06
395,15,A20S,-9.560226926803589,8.475906234323472e-07
396,16,A20T,-15.12144232749939,1.2024997406855351e-06
397,17,A20W,-15.173193655014039,1.3640876842627227e-06
398,18,A20Y,-14.14581540107727,1.4302253436984987e-06
399,19,A20V,-17.709339771270752,1.6196748185342134e-06
400,0,V21A,-3.0669766569137575,3.461916583716712e-07
401,1,V21R,-2.6740248918533327,3.025192628013977e-07
402,2,V21N,-3.3102325582504273,4.399065073055126e-07
403,3,V21D,-3.3462426972389223,4.6678314969090624e-07
404,4,V21C,-5.018350992202759,5.616971711207289e-07
405,5,V21E,-3.1367838168144226,4.487022456630857e-07
406,6,V21Q,-3.1192755103111267,3.5583523646829844e-07
407,7,V21G,-4.369886655807495,5.198181180920272e-07
408,8,V21H,-3.357798471450806,4.5652021960836163e-07
409,9,V21I,-5.447091178894043,4.988363964318097e-07
410,10,V21L,-4.899960198402405,5.312188518798966e-07
411,11,V21K,-1.871772792339325,2.5544189262985317e-07
412,12,V21M,-4.990702791213989,4.965521258142405e-07
413,13,V21F,-5.364308338165284,6.430056698241268e-07
414,14,V21P,-2.1986283683776855,4.358823731241779e-07
415,15,V21S,-2.67460643529892,4.3501428221325743e-07
416,16,V21T,-3.41800568819046,4.1876918645893573e-07
417,17,V21W,-5.720190186500549,6.004930573165874e-07
418,18,V21Y,-5.280784120559693,6.142876783442652e-07
419,19,V21V,-4.487248358726501,5.030801508068682e-07
420,0,D22A,-9.411399316787719,1.2534560611815383e-06
421,1,D22R,-9.2537100315094,1.2892251810642026e-06
422,2,D22N,-4.96556206703186,7.723584497452357e-07
423,3,D22D,-3.9438297843933103,4.7194835783609903e-07
424,4,D22C,-7.695066986083984,1.036569843606564e-06
425,5,D22E,-7.676517176628113,1.2712428557174948e-06
426,6,D22Q,-9.19983678817749,1.5007573686210848e-06
427,7,D22G,-9.014660110473633,1.2443165916671827e-06
428,8,D22H,-7.925530414581299,1.4111802149272082e-06
429,9,D22I,-13.49021695137024,1.7473593400677185e-06
430,10,D22L,-12.086231594085694,1.6724957114363013e-06
431,11,D22K,-9.497531003952027,1.4789948300227649e-06
432,12,D22M,-11.22779854774475,1.490266792309121e-06
433,13,D22F,-11.817036828994752,1.9229962319096092e-06
434,14,D22P,-12.237903442382812,2.109841432041144e-06
435,15,D22S,-7.500966839790344,1.0574502345085907e-06
436,16,D22T,-9.86011697769165,1.381873755392452e-06
437,17,D22W,-11.144346313476563,1.7360016255161673e-06
438,18,D22Y,-11.101892433166505,1.8732843770556229e-06
439,19,D22V,-12.298799810409546,1.588347365423549e-06
440,0,A23A,-3.122195854187012,3.7290982811006863e-07
441,1,A23R,-4.550646405220032,7.33446234383369e-07
442,2,A23N,-6.503207406997681,6.849878222601143e-07
443,3,A23D,-6.969577975273133,7.947460808420224e-07
444,4,A23C,-6.779016222953796,7.080831107432734e-07
445,5,A23E,-6.039006509780884,8.069121742787374e-07
446,6,A23Q,-5.035710825920105,6.792377528096193e-07
447,7,A23G,-8.774722509384155,1.0811066743149783e-06
448,8,A23H,-4.669485783576965,6.157480034897316e-07
449,9,A23I,-8.648259477615357,1.0007220473848732e-06
450,10,A23L,-6.829007353782654,7.080831107432734e-07
451,11,A23K,-4.542481150627136,7.900401739527021e-07
452,12,A23M,-6.416212968826294,6.069895416629622e-07
453,13,A23F,-5.282441902160644,5.840038639982176e-07
454,14,A23P,-10.094888315200805,1.566437281193596e-06
455,15,A23S,-4.437679619789123,5.944038646166755e-07
456,16,A23T,-6.267012782096863,8.06108694314367e-07
457,17,A23W,-4.978946061134338,7.797271771380418e-07
458,18,A23Y,-4.964012908935547,5.878843310326558e-07
459,19,A23V,-6.652999143600464,9.10796419342484e-07
460,0,A24A,-2.4041011214256285,2.2206230175730172e-07
461,1,A24R,-3.803061420917511,4.209354118282571e-07
462,2,A24N,-3.651169183254242,4.053045721008454e-07
463,3,A24D,-3.219779028892517,4.057601241970982e-07
464,4,A24C,-6.11289231300354,4.826195117523196e-07
465,5,A24E,-3.619053761959076,4.486515691803689e-07
466,6,A24Q,-4.208604321479798,4.015353947746023e-07
467,7,A24G,-5.4179964351654055,6.3194867160909e-07
468,8,A24H,-4.378565454483033,4.184229081817684e-07
469,9,A24I,-7.888712682723999,8.614271455999819e-07
470,10,A24L,-6.023521070480347,6.16652037060822e-07
471,11,A24K,-3.1329242539405824,3.987439365000625e-07
472,12,A24M,-6.150743646621704,4.873079792419901e-07
473,13,A24F,-6.473938989639282,5.66212753631493e-07
474,14,A24P,-6.664994115829468,1.125618527317256e-06
475,15,A24S,-3.544890739917755,3.537845728541783e-07
476,16,A24T,-5.200681629180909,5.448477499803807e-07
477,17,A24W,-7.366186480522156,6.042676438419377e-07
478,18,A24Y,-6.272530031204224,5.457650729303172e-07
479,19,A24V,-6.5819318485260006,8.270616453465975e-07
480,0,T25A,-5.100471105575561,8.046547571425571e-07
481,1,T25R,-5.760345659255981,9.201351084924535e-07
482,2,T25N,-5.89721577167511,7.817075877549652e-07
483,3,T25D,-5.543624491691589,9.43354561295628e-07
484,4,T25C,-6.867785882949829,7.340814742250758e-07
485,5,T25E,-4.034456181526184,9.988002808405583e-07
486,6,T25Q,-5.238855795860291,8.425187697412011e-07
487,7,T25G,-9.289333305358888,1.3548889644758652e-06
488,8,T25H,-3.7216117787361145,5.92751934893966e-07
489,9,T25I,-8.793042306900025,1.3190732784655262e-06
490,10,T25L,-7.683764066696167,1.1726316726110088e-06
491,11,T25K,-5.366864337921142,1.0049392602782806e-06
492,12,T25M,-7.755182466506958,9.076955713983053e-07
493,13,T25F,-5.496869153976441,8.997450939283218e-07
494,14,T25P,-13.009504203796388,1.960398125843748e-06
495,15,T25S,-4.87247631072998,6.479373074135988e-07
496,16,T25T,-3.8226206946372985,4.154986731894097e-07
497,17,T25W,-7.624795689582824,9.642373650999627e-07
498,18,T25Y,-4.987683682441712,8.887482270712246e-07
499,19,T25V,-6.571133790016174,1.0197070928308009e-06
500,0,A26A,-14.136975479125976,3.030824390806334e-06
501,1,A26R,-36.3582730102539,7.263568258918395e-06
502,2,A26N,-34.19697143554688,6.635380525256009e-06
503,3,A26D,-34.669686012268066,6.760844690112555e-06
504,4,A26C,-28.41876190185547,5.877110343191761e-06
505,5,A26E,-35.22131088256836,6.218775595799202e-06
506,6,A26Q,-34.021561813354495,5.995267351341908e-06
507,7,A26G,-29.447740230560303,6.297457484889235e-06
508,8,A26H,-32.63075450897217,6.394484076154079e-06
509,9,A26I,-39.99318824768066,6.677790729410995e-06
510,10,A26L,-39.23203754425049,6.789196674559664e-06
511,11,A26K,-35.73360336303711,6.80429081466775e-06
512,12,A26M,-32.121172218322755,5.401670595695219e-06
513,13,A26F,-35.50544368743896,6.617262886849716e-06
514,14,A26P,-40.16429431915283,8.878579840469197e-06
515,15,A26S,-22.89494960784912,4.758595936498672e-06
516,16,A26T,-30.044297885894775,5.077812008657128e-06
517,17,A26W,-39.35808322906494,7.271077170280863e-06
518,18,A26Y,-35.51715461730957,6.887192670339964e-06
519,19,A26V,-34.67330341339111,5.718866100526797e-06
520,0,E27A,-7.553888697624206,9.732502219516638e-07
521,1,E27R,-8.139869117736817,9.246215548355741e-07
522,2,E27N,-7.262747278213501,8.175497882899386e-07
523,3,E27D,-4.924315099716186,7.436825452759522e-07
524,4,E27C,-7.386779980659485,6.47147257429783e-07
525,5,E27E,-3.8572131061553954,4.2718861397600277e-07
526,6,E27Q,-6.931673512458802,6.825770274120905e-07
527,7,E27G,-9.781551580429078,1.1746465051494043e-06
528,8,E27H,-8.22654836654663,9.667454450587614e-07
529,9,E27I,-13.356345052719115,1.3121602112266369e-06
530,10,E27L,-10.338285474777221,1.0658563843147754e-06
531,11,E27K,-7.92226270198822,8.747200439192078e-07
532,12,E27M,-9.403607149124145,9.989027166421573e-07
533,13,E27F,-11.18513147354126,1.273646242126202e-06
534,14,E27P,-13.521364908218384,1.7525565775053738e-06
535,15,E27S,-7.110717554092407,8.298062657706831e-07
536,16,E27T,-8.63963984489441,9.488460387676285e-07
537,17,E27W,-10.683322801589966,1.2055212913768716e-06
538,18,E27Y,-9.950032339096069,1.167189836224454e-06
539,19,E27V,-10.929129180908204,1.1389922048060326e-06
540,0,K28A,-4.6636193752288815,5.820539291254858e-07
541,1,K28R,-3.8367599940299986,2.6181573444743217e-07
542,2,K28N,-6.9281901836395265,4.6476337169690016e-07
543,3,K28D,-6.688788433074951,5.349084343864498e-07
544,4,K28C,-7.325342030525207,5.21019607223831e-07
545,5,K28E,-4.722443318367004,4.177430979713256e-07
546,6,K28Q,-3.950459818840027,2.722151370275896e-07
547,7,K28G,-8.93790919303894,8.232038036179189e-07
548,8,K28H,-6.572362670898437,4.547736746813346e-07
549,9,K28I,-6.916643829345703,4.386901855468753e-07
550,10,K28L,-6.469571080207825,4.874712588509423e-07
551,11,K28K,-2.7753177070617676,1.6764064627882903e-07
552,12,K28M,-6.915119194984436,4.833492024591754e-07
553,13,K28F,-9.571481046676636,8.057842562346902e-07
554,14,K28P,-12.82616780281067,1.2202187411576916e-06
555,15,K28S,-5.310579118728637,4.7098381900275183e-07
556,16,K28T,-5.1534239244461055,5.236314688948643e-07
557,17,K28W,-9.600868377685547,7.71474777838008e-07
558,18,K28Y,-9.321595497131348,6.727291903895716e-07
559,19,K28V,-5.386884050369263,4.0584417020708486e-07
560,0,V29A,-7.3006624555587765,1.207547149383821e-06
561,1,V29R,-5.126223955154419,7.550908743598003e-07
562,2,V29N,-7.100823459625244,8.721819584025328e-07
563,3,V29D,-7.71074107170105,1.161800794844453e-06
564,4,V29C,-8.475757455825805,1.0304538147437253e-06
565,5,V29E,-4.817016520500183,1.2064168574251907e-06
566,6,V29Q,-4.705859513282776,1.1517270879719165e-06
567,7,V29G,-10.67797604560852,1.7171170238739289e-06
568,8,V29H,-5.130817384719848,9.650976759300877e-07
569,9,V29I,-2.723410737514496,4.309708471900282e-07
570,10,V29L,-4.269639863967895,6.48849055983507e-07
571,11,V29K,-4.42669798374176,6.484108753422321e-07
572,12,V29M,-5.033284668922424,9.034648623348117e-07
573,13,V29F,-5.1195765972137455,1.1152282298590193e-06
574,14,V29P,-12.877466793060302,1.9534267252084206e-06
575,15,V29S,-7.8233083152770995,1.1037106520980318e-06
576,16,V29T,-6.034006314277649,7.48178622772459e-07
577,17,V29W,-7.116102404594422,1.3636125477595186e-06
578,18,V29Y,-4.535198330879211,1.0367782070712518e-06
579,19,V29V,-4.661679697036743,7.614478789649639e-07
580,0,F30A,-9.811609210968017,1.3407182137138354e-06
581,1,F30R,-9.887364387512207,1.519906754542277e-06
582,2,F30N,-9.168378419876099,1.0726610588685197e-06
583,3,F30D,-11.87964225769043,1.2516044400423377e-06
584,4,F30C,-6.56962128162384,1.1245575331870367e-06
585,5,F30E,-10.398312873840332,1.2352199446634042e-06
586,6,F30Q,-8.692972383499146,1.200986114633175e-06
587,7,F30G,-12.208672170639039,1.565043188332091e-06
588,8,F30H,-8.34795901298523,1.4924622186548222e-06
589,9,F30I,-8.561551065444947,1.1320640371764463e-06
590,10,F30L,-2.946204845905304,4.5469242212581955e-07
591,11,F30K,-10.332134675979614,1.4980581352620156e-06
592,12,F30M,-4.746708106994629,6.709693565116071e-07
593,13,F30F,-4.8351878786087035,1.858142082558012e-06
594,14,F30P,-15.689037237167359,2.179286668428011e-06
595,15,F30S,-10.290653371810913,1.2314960069794626e-06
596,16,F30T,-8.418763551712036,1.484151346131471e-06
597,17,F30W,-6.747576394081116,1.6436086442059678e-06
598,18,F30Y,-6.3767719650268555,1.8598849826597198e-06
599,19,F30V,-8.932634019851685,1.3032579773632486e-06
600,0,K31A,-8.44486312866211,8.635888231408514e-07
601,1,K31R,-4.204348874092102,4.2849065674809107e-07
602,2,K31N,-9.243147840499878,1.0226573021147839e-06
603,3,K31D,-10.621793031692505,1.0392424925662694e-06
604,4,K31C,-9.41114320755005,8.148196931188149e-07
605,5,K31E,-8.35383023262024,8.192167847634985e-07
606,6,K31Q,-7.045792994499206,5.980648199315428e-07
607,7,K31G,-12.29263913154602,9.407599557247509e-07
608,8,K31H,-7.9596770477294925,1.1709629423653286e-06
609,9,K31I,-8.95678207397461,1.0453941044650823e-06
610,10,K31L,-9.822269592285156,8.711385533652681e-07
611,11,K31K,-4.112409591674805,4.156969970265077e-07
612,12,K31M,-9.80606261253357,7.148741657985746e-07
613,13,K31F,-12.213693361282349,1.6006678369869592e-06
614,14,K31P,-17.586209983825682,1.8098718512384727e-06
615,15,K31S,-8.359443712234498,9.283028761831179e-07
616,16,K31T,-7.098110651969909,9.08183906304404e-07
617,17,K31W,-11.796562213897705,1.1756139454830145e-06
618,18,K31Y,-11.574561443328857,1.4971168100883803e-06
619,19,K31V,-7.258073320388794,1.0001765956470098e-06
620,0,Q32A,-7.296469717025757,7.225931831174709e-07
621,1,Q32R,-4.500091667175293,4.1635284334074117e-07
622,2,Q32N,-7.824196376800537,8.139262502041577e-07
623,3,Q32D,-8.278821697235108,6.958555735380053e-07
624,4,Q32C,-9.117779560089112,7.674560370914727e-07
625,5,Q32E,-6.606996507644653,5.038253380536004e-07
626,6,Q32Q,-4.933985614776612,4.2649611997600347e-07
627,7,Q32G,-10.147490825653076,1.2004180128142988e-06
628,8,Q32H,-7.0439806127548215,7.672634378686834e-07
629,9,Q32I,-9.4030539894104,8.489308580119273e-07
630,10,Q32L,-7.683521399497986,5.039832664262128e-07
631,11,Q32K,-3.431026930809021,2.6544886893685895e-07
632,12,Q32M,-9.086087322235107,7.806160709259472e-07
633,13,Q32F,-11.968014097213745,9.084968034390292e-07
634,14,Q32P,-14.823543825149535,2.0198767988872952e-06
635,15,Q32S,-7.487697348594666,7.308375339182405e-07
636,16,Q32T,-7.036302280426026,5.878843310326558e-07
637,17,Q32W,-12.342371435165406,9.484625504065012e-07
638,18,Q32Y,-11.49721031188965,9.536743164062498e-07
639,19,Q32V,-8.38401120185852,8.341788754976166e-07
640,0,Y33A,-8.296817903518678,1.1175093623788607e-06
641,1,Y33R,-7.441608862876892,1.5035046870193221e-06
642,2,Y33N,-8.69810733795166,9.047348957543515e-07
643,3,Y33D,-9.742713766098023,1.1839012986318837e-06
644,4,Y33C,-8.768087854385376,1.0315124098158719e-06
645,5,Y33E,-8.531204023361205,1.416423087442769e-06
646,6,Y33Q,-7.858036956787109,1.3380020070873707e-06
647,7,Y33G,-10.362478122711181,1.2796305174041368e-06
648,8,Y33H,-5.553318738937378,1.0987967130473053e-06
649,9,Y33I,-9.777875957489014,1.1429777730238834e-06
650,10,Y33L,-6.964390125274658,9.365450818779695e-07
651,11,Y33K,-7.768908352851867,1.5534868695251068e-06
652,12,Y33M,-7.877132697105408,9.797698302937186e-07
653,13,Y33F,-3.5518430066108704,6.406808971210089e-07
654,14,Y33P,-13.200268230438233,1.6705369025915163e-06
655,15,Y33S,-8.740991411209107,1.1096688139847713e-06
656,16,Y33T,-9.020250120162963,1.081443127034338e-06
657,17,Y33W,-3.0886681151390074,7.282155854514263e-07
658,18,Y33Y,-3.3342959547042845,6.844066837638293e-07
659,19,Y33V,-9.009423847198486,1.1021438761286668e-06
660,0,A34A,-8.645332822799682,1.480469953022547e-06
661,1,A34R,-18.55182596206665,1.8853830094729619e-06
662,2,A34N,-15.780380792617798,1.7337736123351593e-06
663,3,A34D,-18.36824239730835,1.893085556140042e-06
664,4,A34C,-7.318449153900146,8.34342402576423e-07
665,5,A34E,-18.549647636413575,1.7526863109832988e-06
666,6,A34Q,-18.2305318069458,1.9229252870374403e-06
667,7,A34G,-15.073237266540527,1.6937857264933273e-06
668,8,A34H,-17.971912746429442,1.4944414306601641e-06
669,9,A34I,-18.189746704101562,2.3310266292499075e-06
670,10,A34L,-19.732266998291017,2.2406273125592676e-06
671,11,A34K,-18.969864940643312,1.7764984140584137e-06
672,12,A34M,-17.233671264648436,1.5476579876022933e-06
673,13,A34F,-22.06338985443115,2.3886828925252183e-06
674,14,A34P,-20.925281238555907,2.8847662853725783e-06
675,15,A34S,-11.312809476852417,1.2830021281115728e-06
676,16,A34T,-12.39147882461548,1.2971373089538055e-06
677,17,A34W,-24.058943843841554,2.2788625994393393e-06
678,18,A34Y,-21.98177652359009,2.2947710829765277e-06
679,19,A34V,-13.634476337432861,1.680308112276996e-06
680,0,N35A,-3.974040460586548,4.485818796688748e-07
681,1,N35R,-2.8793096804618834,2.898428690418104e-07
682,2,N35N,-3.2933087396621703,3.858847237813028e-07
683,3,N35D,-4.189558868408203,4.0528353425742633e-07
684,4,N35C,-5.112260403633118,5.075796603930519e-07
685,5,N35E,-3.7488401675224305,4.7167728064781406e-07
686,6,N35Q,-3.4504383039474487,4.24331490209595e-07
687,7,N35G,-3.376526799201965,5.781539935597572e-07
688,8,N35H,-2.8653651118278503,3.849924865235126e-07
689,9,N35I,-6.964742751121521,8.360167109244599e-07
690,10,N35L,-5.603376760482788,5.161307955831458e-07
691,11,N35K,-2.4124015951156617,2.982043669463079e-07
692,12,N35M,-5.753699445724488,4.886126883487509e-07
693,13,N35F,-5.7566921997070315,5.193805238414809e-07
694,14,N35P,-8.148538846969604,1.1823638636626068e-06
695,15,N35S,-3.5872063183784486,4.0418102561114414e-07
696,16,N35T,-4.017840933799744,4.786219572993459e-07
697,17,N35W,-6.722605981826782,5.187672717651044e-07
698,18,N35Y,-5.50735191822052,5.050648735358287e-07
699,19,N35V,-6.051878066062927,7.346852170383514e-07
700,0,D36A,-6.190701723098755,7.371723572607186e-07
701,1,D36R,-4.925104427337646,6.468133910298608e-07
702,2,D36N,-4.135917854309082,5.478441854990038e-07
703,3,D36D,-3.6696723341941833,4.120918754921819e-07
704,4,D36C,-7.150971593856812,6.098297988414066e-07
705,5,D36E,-2.8892130208015443,3.871715122240227e-07
706,6,D36Q,-3.673639802932739,4.819123074769071e-07
707,7,D36G,-6.995621328353882,7.436825452759522e-07
708,8,D36H,-6.332266321182251,7.355667189893205e-07
709,9,D36I,-8.362472229003906,8.93405031481199e-07
710,10,D36L,-6.07235734462738,6.856347963594635e-07
711,11,D36K,-4.694650440216065,6.618252400549884e-07
712,12,D36M,-5.835600986480713,5.645236429957864e-07
713,13,D36F,-9.210548009872436,9.156763432373164e-07
714,14,D36P,-13.504102544784546,1.1761940277296097e-06
715,15,D36S,-5.453662047386169,5.950155880585455e-07
716,16,D36T,-6.282494015693665,7.069261639355835e-07
717,17,D36W,-8.327408437728883,1.015159320786104e-06
718,18,D36Y,-8.672071504592896,8.134232573142994e-07
719,19,D36V,-8.135856504440307,9.310421044505865e-07
720,0,N37A,-12.630215330123901,1.0709639435601185e-06
721,1,N37R,-9.622378473281861,1.5297780287126383e-06
722,2,N37N,-5.31136616230011,6.145652221520129e-07
723,3,N37D,-12.343602218627929,1.1115114047495625e-06
724,4,N37C,-11.022199268341064,1.1505913644299074e-06
725,5,N37E,-11.616071653366088,1.186357050383066e-06
726,6,N37Q,-10.488330879211425,1.3345989749554381e-06
727,7,N37G,-14.23998854637146,1.2641491765156556e-06
728,8,N37H,-6.993316359519959,7.803101726040941e-07
729,9,N37I,-17.08693176269531,2.1081164367138837e-06
730,10,N37L,-12.635021562576293,1.9988749771705698e-06
731,11,N37K,-9.741191091537475,1.518080572572624e-06
732,12,N37M,-12.433880472183228,1.5281124457323146e-06
733,13,N37F,-12.954086542129517,1.275037952148527e-06
734,14,N37P,-27.57785352706909,2.3678025972637673e-06
735,15,N37S,-11.380685224533082,1.0350332406344888e-06
736,16,N37T,-12.37338861465454,1.1851681810688782e-06
737,17,N37W,-13.486802082061768,1.3418031568116414e-06
738,18,N37Y,-12.259377298355103,1.0848019149245605e-06
739,19,N37V,-15.535405054092408,1.4456582843825888e-06
740,0,G38A,-12.79340045928955,1.0436526504748893e-06
741,1,G38R,-11.121787853240967,1.073720393755919e-06
742,2,G38N,-10.153394727706909,1.2021971679335136e-06
743,3,G38D,-11.745170488357545,1.2130422408137397e-06
744,4,G38C,-12.67554877281189,1.2127422983622707e-06
745,5,G38E,-12.300606698989869,1.1480194999821e-06
746,6,G38Q,-12.107389392852783,1.2124797878504053e-06
747,7,G38G,-5.5565335655212404,5.621018229786446e-07
748,8,G38H,-11.634479246139527,1.1145756202033323e-06
749,9,G38I,-16.44055082321167,1.513790887337834e-06
750,10,G38L,-14.634231357574462,1.3726285820253033e-06
751,11,G38K,-11.158701963424683,9.368849111182516e-07
752,12,G38M,-13.807043418884277,1.2617367102463698e-06
753,13,G38F,-13.990406856536865,1.537871913551425e-06
754,14,G38P,-17.71314365386963,1.4580928690808395e-06
755,15,G38S,-11.92218864440918,1.3025948393984897e-06
756,16,G38T,-13.278038816452026,1.3010229012087365e-06
757,17,G38W,-13.702685670852661,1.3557948745120946e-06
758,18,G38Y,-13.52348388671875,1.3655870300040237e-06
759,19,G38V,-15.60848129272461,1.3095584025399691e-06
760,0,V39A,-14.928421936035157,1.1595675776344803e-06
761,1,V39R,-13.455310192108154,1.063849240675686e-06
762,2,V39N,-14.213291082382202,1.1291681107857544e-06
763,3,V39D,-16.635711860656738,1.2507321404079445e-06
764,4,V39C,-11.01033941268921,9.267830362896994e-07
765,5,V39E,-13.860612001419067,1.1765032879802e-06
766,6,V39Q,-12.13702075958252,9.807556253190956e-07
767,7,V39G,-19.084298458099365,1.6639908864166011e-06
768,8,V39H,-15.646421899795532,1.2249797175688889e-06
769,9,V39I,-3.9411472129821776,4.466516123713106e-07
770,10,V39L,-7.504489679336547,6.824604287267632e-07
771,11,V39K,-13.291101446151734,1.0137248460668358e-06
772,12,V39M,-8.741391983032226,8.711385533652675e-07
773,13,V39F,-13.639603414535522,1.1063855201132124e-06
774,14,V39P,-20.262451362609863,1.972976767118189e-06
775,15,V39S,-15.711720581054687,1.3095584025399691e-06
776,16,V39T,-11.029810028076172,7.222784511093712e-07
777,17,V39W,-13.681294860839843,1.1859353299491746e-06
778,18,V39Y,-13.995646467208863,1.0137248460668358e-06
779,19,V39V,-4.400403966903687,4.954519351143094e-07
780,0,D40A,-5.774768886566162,5.61292227537619e-07
781,1,D40R,-4.562387528419495,5.295039935534473e-07
782,2,D40N,-2.602315766811371,2.5954794488098676e-07
783,3,D40D,-3.3785974049568175,2.858936025516412e-07
784,4,D40C,-5.062065424919129,4.939581876213127e-07
785,5,D40E,-5.156516275405884,6.150275168375486e-07
786,6,D40Q,-5.14752366065979,6.122113741189591e-07
787,7,D40G,-6.424064650535583,7.022793172263539e-07
788,8,D40H,-4.720047836303711,6.781154188015438e-07
789,9,D40I,-8.669743223190308,9.541986931163128e-07
790,10,D40L,-7.9500439167022705,6.926459811369872e-07
791,11,D40K,-4.357937712669372,5.851512777478687e-07
792,12,D40M,-7.081099853515625,6.220120948455933e-07
793,13,D40F,-7.575465650558471,8.444730875878485e-07
794,14,D40P,-9.781098165512084,1.073000159820281e-06
795,15,D40S,-3.715827920436859,4.2394953248705096e-07
796,16,D40T,-5.525695214271545,7.258426436697643e-07
797,17,D40W,-7.872057795524597,8.269379232418358e-07
798,18,D40Y,-7.3912998294830325,8.411277718094674e-07
799,19,D40V,-7.743784031867981,8.557998282134643e-07
800,0,G41A,-35.733216743469235,7.92236489764698e-06
801,1,G41R,-41.85002285003662,1.0276981343564061e-05
802,2,G41N,-35.898438606262204,8.951055248174103e-06
803,3,G41D,-39.54333869934082,1.0063573382419488e-05
804,4,G41C,-40.637666854858395,8.672376759936769e-06
805,5,G41E,-40.75540203094482,1.1133362417693317e-05
806,6,G41Q,-40.012933578491214,9.791518691733787e-06
807,7,G41G,-20.243143558502197,5.8625766331877455e-06
808,8,G41H,-37.32525733947754,9.384775528917442e-06
809,9,G41I,-43.43073291778565,8.984806605006324e-06
810,10,G41L,-40.586483840942385,8.227374361014039e-06
811,11,G41K,-41.4240251159668,1.1564511304624274e-05
812,12,G41M,-39.66337169647217,8.700437220418385e-06
813,13,G41F,-42.53998668670654,1.0248054810286998e-05
814,14,G41P,-45.421245079040524,8.558109869351593e-06
815,15,G41S,-36.378176078796386,8.898880125119656e-06
816,16,G41T,-39.000846977233884,8.154088291766952e-06
817,17,G41W,-42.051942329406735,8.506945963281485e-06
818,18,G41Y,-42.036269950866696,9.716251851615936e-06
819,19,G41V,-42.80965114593506,9.166313508552245e-06
820,0,E42A,-5.2392293643951415,6.333862273147715e-07
821,1,E42R,-3.837647969722748,3.6913325419317436e-07
822,2,E42N,-5.5730576324462895,5.914318746076072e-07
823,3,E42D,-5.828632559776306,6.71832927983111e-07
824,4,E42C,-7.57985212802887,7.305886004469192e-07
825,5,E42E,-4.061995859146118,5.206922033202625e-07
826,6,E42Q,-4.1570881700515745,4.310301963954096e-07
827,7,E42G,-9.61181022644043,1.0829978612196657e-06
828,8,E42H,-5.055656623840332,5.309833872633007e-07
829,9,E42I,-6.242195601463318,4.839133686301551e-07
830,10,E42L,-6.628217515945434,5.510719380643335e-07
831,11,E42K,-2.600056004524231,2.707914517307412e-07
832,12,E42M,-7.080784459114074,6.004930573165871e-07
833,13,E42F,-7.5237346315383915,8.138564086702763e-07
834,14,E42P,-12.246893587112426,1.8028985314393797e-06
835,15,E42S,-4.427921104431152,5.878843310326558e-07
836,16,E42T,-3.823114094734192,3.6411754990792303e-07
837,17,E42W,-8.838123273849487,8.675291728334544e-07
838,18,E42Y,-7.207325739860535,7.390052983890575e-07
839,19,E42V,-4.522472586631775,4.732713890350105e-07
840,0,W43A,-10.589715538024903,1.2530569233441815e-06
841,1,W43R,-11.000300149917603,1.2784572454940086e-06
842,2,W43N,-10.484565382003785,1.2187271218223425e-06
843,3,W43D,-11.353570985794068,1.3910247941794239e-06
844,4,W43C,-9.171898517608643,1.3768626497859164e-06
845,5,W43E,-11.614637899398804,1.5221490573418032e-06
846,6,W43Q,-11.182510385513305,1.3248523785507487e-06
847,7,W43G,-11.28741250038147,1.626147547243112e-06
848,8,W43H,-9.09045783996582,1.1258205080698937e-06
849,9,W43I,-10.436785688400269,1.5524400182384138e-06
850,10,W43L,-8.868241395950317,1.054187637992565e-06
851,11,W43K,-11.691199350357056,1.3910247941794239e-06
852,12,W43M,-9.105420722961426,1.091696778965315e-06
853,13,W43F,-5.988619065284729,8.102724775298333e-07
854,14,W43P,-15.543039035797118,2.4182743707858994e-06
855,15,W43S,-10.34958709716797,1.3454583807791433e-06
856,16,W43T,-9.540940055847168,1.3153793067601528e-06
857,17,W43W,-3.1655221652984618,3.6947957282658587e-07
858,18,W43Y,-6.944524998664856,8.648911231135919e-07
859,19,W43V,-10.19327278137207,1.4209427285910948e-06
860,0,T44A,-6.512782168388367,5.815654238534202e-07
861,1,T44R,-5.962335796356201,7.210181492399527e-07
862,2,T44N,-7.3177958536148076,5.890241857163664e-07
863,3,T44D,-7.840008339881897,5.138127816210268e-07
864,4,T44C,-7.622026581764221,6.820438421313615e-07
865,5,T44E,-6.460372948646546,6.230895207105636e-07
866,6,T44Q,-6.406526408195496,6.291901988383255e-07
867,7,T44G,-7.867903780937195,6.120442224976276e-07
868,8,T44H,-7.507774548530579,7.234579901437103e-07
869,9,T44I,-8.948680467605591,9.271264437203786e-07
870,10,T44L,-8.692805051803589,8.779503173600182e-07
871,11,T44K,-5.742801575660706,7.408490501798722e-07
872,12,T44M,-7.976655225753785,6.989203132848844e-07
873,13,T44F,-9.749447193145752,7.773469494749001e-07
874,14,T44P,-11.247051601409913,1.1894578420767882e-06
875,15,T44S,-3.0737943816185,2.1917658013407578e-07
876,16,T44T,-4.548749046325684,7.827104388688357e-07
877,17,T44W,-9.208919191360474,8.463020014428555e-07
878,18,T44Y,-9.162894382476807,7.139193447957203e-07
879,19,T44V,-7.8785238933563235,8.287095083976885e-07
880,0,Y45A,-14.742388248443604,1.2687811561250755e-06
881,1,Y45R,-12.668105869293212,1.5761902573493231e-06
882,2,Y45N,-13.88389796257019,1.5768536917472755e-06
883,3,Y45D,-17.001172485351564,1.9278379468526126e-06
884,4,Y45C,-13.582194356918334,1.232086687992851e-06
885,5,Y45E,-15.286917905807496,1.7158453599054721e-06
886,6,Y45Q,-13.94951886177063,1.7043576878086825e-06
887,7,Y45G,-19.61399284362793,2.01277251560561e-06
888,8,Y45H,-9.581830110549927,1.1609393604134993e-06
889,9,Y45I,-14.355590515136718,1.6511515127433125e-06
890,10,Y45L,-11.179131107330322,1.1054397682832418e-06
891,11,Y45K,-13.499390335083008,1.6356557139982858e-06
892,12,Y45M,-11.363868942260742,1.0715158008718971e-06
893,13,Y45F,-4.804026665687561,4.192643420148707e-07
894,14,Y45P,-20.79290184020996,2.377385933057081e-06
895,15,Y45S,-15.180550479888916,1.4177387950247302e-06
896,16,Y45T,-13.663291034698487,1.4261815982002364e-06
897,17,Y45W,-9.4167329788208,9.631638468134e-07
898,18,Y45Y,-4.457521991729736,4.609316243589242e-07
899,19,Y45V,-13.178365478515625,1.5146317822335697e-06
900,0,D46A,-8.853684453964233,1.2467627660465763e-06
901,1,D46R,-7.97267333984375,1.2337464621579159e-06
902,2,D46N,-4.3804086351394655,6.839081720189282e-07
903,3,D46D,-3.3603600597381593,4.454281863463118e-07
904,4,D46C,-8.58023733139038,9.5195615489714e-07
905,5,D46E,-6.964793395996094,1.0852629353276282e-06
906,6,D46Q,-8.204984273910522,1.3013024956677127e-06
907,7,D46G,-9.391200981140138,1.2057098868773743e-06
908,8,D46H,-8.590460662841798,1.3838468282483725e-06
909,9,D46I,-9.819654331207275,1.5496547391471552e-06
910,10,D46L,-9.864186334609986,1.3646209737066463e-06
911,11,D46K,-7.947874999046325,1.3694029312872303e-06
912,12,D46M,-10.183638248443604,1.343428928599575e-06
913,13,D46F,-10.898522653579711,1.5276362313323033e-06
914,14,D46P,-11.72868371963501,1.2979784226111681e-06
915,15,D46S,-6.932984991073608,1.1023501580889851e-06
916,16,D46T,-7.747018179893494,1.3605410060527014e-06
917,17,D46W,-11.045519285202026,1.7020081006320021e-06
918,18,D46Y,-10.6361531829834,1.4645655685770028e-06
919,19,D46V,-9.167474975585938,1.2874250053929307e-06
920,0,D47A,-3.9156727147102357,4.086010346732848e-07
921,1,D47R,-6.942881174087525,6.433591833314102e-07
922,2,D47N,-6.402335205078125,7.619851820159219e-07
923,3,D47D,-4.0804645586013795,6.072704209834188e-07
924,4,D47C,-8.518561973571778,8.370631506916695e-07
925,5,D47E,-3.7397950983047483,3.606667155714168e-07
926,6,D47Q,-6.111628108024597,5.390369373697e-07
927,7,D47G,-5.779648551940918,6.725939820291689e-07
928,8,D47H,-7.104571695327759,8.782610412477727e-07
929,9,D47I,-11.272416887283326,9.602794791765432e-07
930,10,D47L,-9.517160549163819,8.316127531658801e-07
931,11,D47K,-6.426928114891052,6.120442224976276e-07
932,12,D47M,-8.91082094192505,8.633781660275488e-07
933,13,D47F,-9.367319297790527,1.095688370998007e-06
934,14,D47P,-7.975245885848999,9.465427780700211e-07
935,15,D47S,-5.456018190383912,5.495845616998255e-07
936,16,D47T,-7.711291608810424,7.502574697577269e-07
937,17,D47W,-9.565816555023194,9.365450818779698e-07
938,18,D47Y,-8.729768438339233,9.44619104141675e-07
939,19,D47V,-9.338162651062012,8.753047108141904e-07
940,0,A48A,-3.073707633018494,3.7024801002128896e-07
941,1,A48R,-3.665291531085968,3.3928396297942274e-07
942,2,A48N,-4.747479500770569,5.295039935534473e-07
943,3,A48D,-4.706227540969849,4.88612688348751e-07
944,4,A48C,-6.445350713729859,5.840817259896297e-07
945,5,A48E,-4.184094023704529,5.152269073718626e-07
946,6,A48Q,-4.371663818359375,4.3431463381712776e-07
947,7,A48G,-6.350982904434204,6.827269107473542e-07
948,8,A48H,-4.890937142372131,4.3648184687783316e-07
949,9,A48I,-7.420742754936218,6.92629567530636e-07
950,10,A48L,-6.519155077934265,7.976019098037687e-07
951,11,A48K,-2.6338650155067445,3.0949449934101834e-07
952,12,A48M,-6.651067686080933,5.859473098490008e-07
953,13,A48F,-7.727025876045227,8.445673195388051e-07
954,14,A48P,-8.614780597686767,1.2388959838146194e-06
955,15,A48S,-2.71515997171402,3.80058958146232e-07
956,16,A48T,-4.219905495643616,4.6902455265297897e-07
957,17,A48W,-8.22620698928833,7.335237321101914e-07
958,18,A48Y,-7.499380307197571,7.297166645489919e-07
959,19,A48V,-6.075573558807373,6.110961663666076e-07
960,0,T49A,-6.318073697090149,9.90846503347685e-07
961,1,T49R,-4.443998994827271,7.380354848459576e-07
962,2,T49N,-6.4829706287384035,7.212073349210595e-07
963,3,T49D,-7.377113327980042,8.188697736817708e-07
964,4,T49C,-6.615344934463501,8.55706833207136e-07
965,5,T49E,-5.849322304725647,8.244044233671746e-07
966,6,T49Q,-5.003397221565247,7.584409413420625e-07
967,7,T49G,-8.48244483947754,9.7889918673373e-07
968,8,T49H,-6.973581852912903,1.1196132412963335e-06
969,9,T49I,-6.647723426818848,8.077570792335388e-07
970,10,T49L,-8.065792837142943,1.081443127034338e-06
971,11,T49K,-4.171652865409851,8.13073773621556e-07
972,12,T49M,-7.6423462390899655,9.737290314036447e-07
973,13,T49F,-10.283545598983764,1.5371324880230359e-06
974,14,T49P,-10.686901779174805,1.5203853899673168e-06
975,15,T49S,-4.521915040016174,6.470067031017027e-07
976,16,T49T,-3.044674894809723,2.6782589542546806e-07
977,17,T49W,-9.94119270324707,1.346539504602264e-06
978,18,T49Y,-9.695566692352294,1.289542598257857e-06
979,19,T49V,-5.001115155220032,7.429331040803381e-07
980,0,K50A,-9.36250454902649,1.00253807654835e-06
981,1,K50R,-4.5761352109909055,6.027606456884358e-07
982,2,K50N,-9.083113889694214,1.2052194771914135e-06
983,3,K50D,-10.477051982879638,1.1413852157880537e-06
984,4,K50C,-9.76729411125183,1.241206298458546e-06
985,5,K50E,-9.103914966583252,1.0757513925326205e-06
986,6,K50Q,-6.450272336006164,7.761028305686461e-07
987,7,K50G,-11.960677347183228,1.5394973995918537e-06
988,8,K50H,-7.175607333183288,9.413277593749258e-07
989,9,K50I,-9.422574939727783,1.0431296473598728e-06
990,10,K50L,-7.091784958839416,1.1786561922760198e-06
991,11,K50K,-3.763877034187317,4.1501272167037034e-07
992,12,K50M,-7.460515217781067,8.505764503516548e-07
993,13,K50F,-10.792244081497193,1.4997570959840908e-06
994,14,K50P,-14.76633123397827,1.9517498837980597e-06
995,15,K50S,-9.232085886001586,9.790385417329035e-07
996,16,K50T,-9.747710027694701,9.65945451124879e-07
997,17,K50W,-9.778795471191406,1.4719987015971952e-06
998,18,K50Y,-10.19057258605957,1.457094517119163e-06
999,19,K50V,-10.020922403335572,9.617936687113547e-07
1000,0,T51A,-12.412446355819702,1.3975478067162377e-06
1001,1,T51R,-10.397878036499023,1.5584333965923685e-06
1002,2,T51N,-12.31300820350647,1.5780068263426807e-06
1003,3,T51D,-13.674163131713867,1.888564116590355e-06
1004,4,T51C,-10.133557052612305,1.2440241896911863e-06
1005,5,T51E,-9.641457719802856,1.6630887942505214e-06
1006,6,T51Q,-9.568637256622315,1.6115685124693823e-06
1007,7,T51G,-17.144768524169923,2.272868211329078e-06
1008,8,T51H,-14.258952445983887,1.7106695041487639e-06
1009,9,T51I,-9.171609878540039,1.3621193749509525e-06
1010,10,T51L,-13.272077512741088,1.7860718536689824e-06
1011,11,T51K,-10.545667028427124,1.6149229261280143e-06
1012,12,T51M,-11.87637375831604,1.5814611852351553e-06
1013,13,T51F,-18.370520668029783,2.1983382467993024e-06
1014,14,T51P,-20.716137447357177,2.94072090180923e-06
1015,15,T51S,-11.277074327468872,1.3248523785507494e-06
1016,16,T51T,-5.457057976722718,6.045685926964751e-07
1017,17,T51W,-16.42907703399658,2.221385705801496e-06
1018,18,T51Y,-16.932206745147706,2.0130436143361294e-06
1019,19,T51V,-6.6537243843078615,1.0512069551967894e-06
1020,0,F52A,-10.673733253479003,1.0488683383840585e-06
1021,1,F52R,-11.281282138824462,1.2971373089538051e-06
1022,2,F52N,-10.331116828918457,9.510002794126827e-07
1023,3,F52D,-12.986666212081909,1.1243249912699588e-06
1024,4,F52C,-7.241172270774841,9.049736137473723e-07
1025,5,F52E,-12.142887954711915,1.122584455075238e-06
1026,6,F52Q,-10.897152547836304,1.032922182281812e-06
1027,7,F52G,-12.649842958450318,1.420014332075827e-06
1028,8,F52H,-7.436244268417358,7.760002848220205e-07
1029,9,F52I,-12.51220269203186,1.3512255969338195e-06
1030,10,F52L,-8.281920671463013,1.2461790414211254e-06
1031,11,F52K,-11.87889401435852,1.2438414035502794e-06
1032,12,F52M,-8.049929113388062,1.0399423781528424e-06
1033,13,F52F,-3.840699996948242,4.2048278207871646e-07
1034,14,F52P,-18.080191898345948,1.8953902162887393e-06
1035,15,F52S,-11.510105962753295,1.0151593207861038e-06
1036,16,F52T,-11.690752258300781,1.0629939875101291e-06
1037,17,F52W,-4.4088957452774045,6.69119947629173e-07
1038,18,F52Y,-4.855956993103027,5.25300573498551e-07
1039,19,F52V,-11.567415914535523,1.1467512325231996e-06
1040,0,T53A,-8.027189998626708,1.0754131591041913e-06
1041,1,T53R,-5.771103777885437,7.510904247440538e-07
1042,2,T53N,-8.339907159805298,9.583833780489302e-07
1043,3,T53D,-9.294870166778564,1.0583636779026101e-06
1044,4,T53C,-7.896360569000244,7.615075980254028e-07
1045,5,T53E,-6.209557056427002,7.168434323488668e-07
1046,6,T53Q,-5.774271159172058,9.014492657196897e-07
1047,7,T53G,-10.349927530288696,1.963249244656292e-06
1048,8,T53H,-8.50712056159973,1.0904881120709679e-06
1049,9,T53I,-9.054576120376588,9.937908716904286e-07
1050,10,T53L,-9.378789014816284,1.0978030011433333e-06
1051,11,T53K,-5.331149673461914,6.709693565116074e-07
1052,12,T53M,-8.0668141746521,1.01484570269951e-06
1053,13,T53F,-12.430215559005738,1.6589273697467017e-06
1054,14,T53P,-16.224783763885497,3.2397426836618216e-06
1055,15,T53S,-4.585917081832886,9.757817395740094e-07
1056,16,T53T,-3.705074203014374,3.8793421018774515e-07
1057,17,T53W,-11.759846792221069,1.2787417739002452e-06
1058,18,T53Y,-11.423367109298706,1.5084643828628147e-06
1059,19,T53V,-7.711853876113891,6.82993288795237e-07
1060,0,V54A,-14.536865491867065,1.7052112804688523e-06
1061,1,V54R,-16.156409645080565,1.8977879278309245e-06
1062,2,V54N,-15.436545648574828,1.5860552940026228e-06
1063,3,V54D,-18.231583976745604,1.91686165258806e-06
1064,4,V54C,-10.875608835220337,1.4086967345026234e-06
1065,5,V54E,-16.62942008972168,1.8094697915087036e-06
1066,6,V54Q,-15.20125368118286,1.6384335695269946e-06
1067,7,V54G,-20.518325939178467,2.687331711932444e-06
1068,8,V54H,-16.128711109161376,2.152770587488166e-06
1069,9,V54I,-5.997765865325928,1.148138328229523e-06
1070,10,V54L,-8.91193681716919,1.4824651757677506e-06
1071,11,V54K,-16.249478454589845,2.0599365234375014e-06
1072,12,V54M,-11.948399019241332,1.2892251810642039e-06
1073,13,V54F,-12.859339065551758,1.9067763423662111e-06
1074,14,V54P,-20.981056690216064,3.2410899101193294e-06
1075,15,V54S,-16.328914604187013,1.925949945276543e-06
1076,16,V54T,-11.247127952575683,1.2958746148271977e-06
1077,17,V54W,-16.221114540100096,2.312537317844801e-06
1078,18,V54Y,-14.328315296173095,2.18896822426012e-06
1079,19,V54V,-4.641073746681213,7.265940661825153e-07
1080,0,T55A,-7.504963569641113,1.1806318562266524e-06
1081,1,T55R,-5.238418292999268,9.795493404471455e-07
1082,2,T55N,-6.685428423881531,1.0643086552737596e-06
1083,3,T55D,-8.21611081123352,1.094816453779601e-06
1084,4,T55C,-7.432854795455933,1.0348574835877764e-06
1085,5,T55E,-6.553751745223999,9.845965684582515e-07
1086,6,T55Q,-5.935006814002991,9.2731035967402e-07
1087,7,T55G,-9.582833642959594,1.7147849195459048e-06
1088,8,T55H,-7.197046818733216,1.2391437235590113e-06
1089,9,T55I,-8.183671245574951,1.0326139590178796e-06
1090,10,T55L,-9.214492502212524,1.101442228487228e-06
1091,11,T55K,-4.827671313285828,1.005606494377287e-06
1092,12,T55M,-8.794456939697266,1.0313801448513631e-06
1093,13,T55F,-11.819855298995972,1.5500948527796298e-06
1094,14,T55P,-16.13640127182007,2.688955722784366e-06
1095,15,T55S,-4.864522180557251,1.112533747642191e-06
1096,16,T55T,-3.347797966003418,3.1987208998200296e-07
1097,17,T55W,-10.353659744262695,1.6588451313140034e-06
1098,18,T55Y,-10.837716045379638,1.4577185672214895e-06
1099,19,T55V,-6.880582728385925,7.719903760438052e-07
1100,0,E56A,-7.802195730209351,1.800374452065054e-06
1101,1,E56R,-8.336598358154298,1.8190946987253381e-06
1102,2,E56N,-6.926598815917969,1.3808861617588607e-06
1103,3,E56D,-6.724072718620301,1.278377210469677e-06
1104,4,E56C,-7.890325765609742,1.285551563567789e-06
1105,5,E56E,-5.632930493354797,1.6782703609827091e-06
1106,6,E56Q,-6.054521555900574,1.599353341625551e-06
1107,7,E56G,-8.310273504257202,1.5517368407509791e-06
1108,8,E56H,-9.366598720550536,1.7779313219250033e-06
1109,9,E56I,-10.367872047424317,1.8344291745826114e-06
1110,10,E56L,-11.295429239273071,1.8467577486444475e-06
1111,11,E56K,-9.066593761444091,1.8133860713400768e-06
1112,12,E56M,-8.56286515235901,2.031550148821185e-06
1113,13,E56F,-13.286280164718628,2.3611674172743195e-06
1114,14,E56P,-11.516772546768188,2.417503258347888e-06
1115,15,E56S,-4.289197549819947,7.967034281132004e-07
1116,16,E56T,-4.790156216621399,7.439118151106913e-07
1117,17,E56W,-11.769271106719971,1.961789433150846e-06
1118,18,E56Y,-12.411296663284302,2.251540032558188e-06
1119,19,E56V,-8.889266967773438,1.7739367711771272e-06
