,Unnamed: 0,index,mut,mean_x,std_x,pos,mut_aa,p_t1,log_p_t1,lr_w
900,900,0,L48A,-7.1906874561309815,8.208803960039263e-07,48,A,0.0091359931476474,-4.695533376107359,-0.22477467
901,901,1,L48R,-3.8121880722045898,4.814402608287253e-07,48,R,0.2679288035444481,-1.3170339921809666,0.007666098
902,902,2,L48N,-8.560066881179809,7.944170023106469e-07,48,N,0.002322960565174252,-6.0649128011561855,-0.08118628
903,903,3,L48D,-9.810296335220336,9.845965684582509e-07,48,D,0.0006653866516663811,-7.3151422551967125,-0.12960464
904,904,4,L48C,-7.463749132156372,7.634757064676451e-07,48,C,0.006952909651445131,-4.968595052132749,0.11789748
905,905,5,L48E,-6.579930686950684,7.136645101116078e-07,48,E,0.01682689790855782,-4.084776606927061,0.1802015
906,906,6,L48Q,-4.203179521560669,4.919517660724235e-07,48,Q,0.18122327551788805,-1.708025441537046,0.38117862
907,907,7,L48G,-9.683962602615356,1.0258539464375313e-06,48,G,0.0007549881361164692,-7.188808522591732,-0.7206546
908,908,8,L48H,-8.599414949417115,8.16547956870711e-07,48,H,0.0022333314838210634,-6.104260869393491,-0.26781955
909,909,9,L48I,-8.289050817489624,9.476951081443688e-07,48,I,0.003046089209639822,-5.793896737466,-0.2015425
910,910,10,L48L,-6.08412703037262,7.41953102032473e-07,48,L,0.02762668983965025,-3.5889729503489964,-0.8384382
911,911,11,L48K,-3.607490429878234,4.336597363822213e-07,48,K,0.32878989479816845,-1.1123363498546113,-0.121281296
912,912,12,L48M,-4.464970712661743,6.41943961240632e-07,48,M,0.13948243039553448,-1.9698166326381201,0.38796234
913,913,13,L48F,-10.614710931777957,1.0928208878393711e-06,48,F,0.00029766053896420117,-8.119556851754334,-1.179919
914,914,14,L48P,-14.511612901687622,1.8953662238556683e-06,48,P,6.043913522400512e-06,-12.016458821664,-1.898427
915,915,15,L48S,-7.67658495426178,7.614329484680176e-07,48,S,0.0056199592036597695,-5.181430874238157,-0.87027955
916,916,16,L48T,-8.08216492652893,8.641678654206902e-07,48,T,0.0037462091392300853,-5.587010846505307,-0.54063827
917,917,17,L48W,-9.489258222579956,9.368849111182518e-07,48,W,0.0009172741718487607,-6.994104142556332,0.35798597
918,918,18,L48Y,-10.387734699249268,1.0137697041258476e-06,48,Y,0.0003735044574375082,-7.892580619225645,-0.9705439
919,919,19,L48V,-8.685217027664185,1.0151593207861038e-06,48,V,0.002049697725579594,-6.190062947640562,-0.052104853
980,980,0,D52A,-17.085590419769286,5.391120151483954e-06,52,A,0.00010876385751120594,-9.126331470723006,-0.9010755
981,981,1,D52R,-22.79461145401001,6.905418684913654e-06,52,R,3.6065193778955697e-07,-14.83535250496373,-1.6684946
982,982,2,D52N,-12.902292613983157,4.296363656547555e-06,52,N,0.007132926607152753,-4.943033664936878,-1.4207143
983,983,3,D52D,-7.967470927238464,2.551943195817162e-06,52,D,0.9918216479919437,-0.008211978192185134,0.09739262
984,984,4,D52C,-16.66621280670166,5.650260774469978e-06,52,C,0.00016543141537384598,-8.706953857655382,-0.9680575
985,985,5,D52E,-16.82543670654297,4.997981360610953e-06,52,E,0.00014108080346695814,-8.86617775749669,0.50248426
986,986,6,D52Q,-20.15438817977905,5.826973485821581e-06,52,Q,5.0550175649376024e-06,-12.195129230732771,-1.0901346
987,987,7,D52G,-18.315328063964845,5.773188602414735e-06,52,G,3.17992098834705e-05,-10.356069114918567,-1.6434942
988,988,8,D52H,-19.66406652450561,5.765716481177629e-06,52,H,8.254041692500056e-06,-11.70480757545933,-1.7873585
989,989,9,D52I,-26.05485982894897,6.847222201476627e-06,52,I,1.3841411846869908e-08,-18.09560087990269,-1.349185
990,990,10,D52L,-25.27336917877197,6.356824159724097e-06,52,L,3.023969929219502e-08,-17.314110229725692,-1.1341858
991,991,11,D52K,-23.968971157073973,6.408095332081735e-06,52,K,1.1144750010276603e-07,-16.009712208027693,-1.5123296
992,992,12,D52M,-22.62903896331787,5.607604980468751e-06,52,M,4.255939925483256e-07,-14.669780014271591,-2.02555
993,993,13,D52F,-25.87614143371582,7.393627306463505e-06,52,F,1.6549954495072905e-08,-17.916882484669543,-1.2241851
994,994,14,D52P,-27.21859531402588,8.70929722353429e-06,52,P,4.322912962810315e-09,-19.259336364979603,-1.1699971
995,995,15,D52S,-15.446042699813844,4.961040926473736e-06,52,S,0.0005604425879462201,-7.486783750767565,-1.3840059
996,996,16,D52T,-18.63396278381348,5.379128948081153e-06,52,T,2.31225128041063e-05,-10.6747038347672,-1.5745713
997,997,17,D52W,-23.60373937606812,7.531950459204265e-06,52,W,1.60578899897171e-07,-15.64448042702184,-1.3067064
998,998,18,D52Y,-24.743478565216066,7.15138743686948e-06,52,Y,5.1369582687095076e-08,-16.784219616169786,-1.4245654
999,999,19,D52V,-22.974223308563232,5.835956973291691e-06,52,V,3.013587686593195e-07,-15.014964359516952,-1.1070472
1000,1000,0,I53A,-8.007435474395752,9.462064174509028e-07,53,A,0.001319638088867925,-6.630397755076778,-0.029101113
1001,1001,1,I53R,-5.267731733322144,6.503891033793451e-07,53,R,0.020431161604154823,-3.890694014003171,-1.5333542
1002,1002,2,I53N,-6.324027581214905,7.51211504892303e-07,53,N,0.007104763091541207,-4.946989861895931,-1.1882836
1003,1003,3,I53D,-7.163707175254822,8.205340884783245e-07,53,D,0.0030681839000240275,-5.786669455935849,0.15876652
1004,1004,4,I53C,-6.887879681587219,5.776425094406952e-07,53,C,0.004042702147213531,-5.5108419622682465,-0.9977526
1005,1005,5,I53E,-4.550954637527465,7.129632450701021e-07,53,E,0.041839395040523884,-3.1739169182084925,-0.37528238
1006,1006,6,I53Q,-4.616768894195556,6.407385647674879e-07,53,Q,0.039174424753174925,-3.2397311748765834,-1.0321109
1007,1007,7,I53G,-9.631332960128784,9.82747385553721e-07,53,G,0.00026013879542942744,-8.25429524080981,-1.2644496
1008,1008,8,I53H,-6.0814092111587525,8.354725885648073e-07,53,H,0.009055603950672475,-4.70437149183978,-2.0317023
1009,1009,9,I53I,-2.274644091129303,2.304041424846973e-07,53,I,0.40754400198054047,-0.8976063718103301,-0.30335617
1010,1010,10,I53L,-3.848573639392853,5.349243742842736e-07,53,L,0.08445504313759378,-2.47153592007388,-0.16224085
1011,1011,11,I53K,-5.283775572776794,6.860326310023064e-07,53,K,0.020105982860468406,-3.9067378534578214,-1.9824713
1012,1012,12,I53M,-5.016398053169251,5.966945938891665e-07,53,M,0.02626914207349137,-3.6393603338502776,-0.4681892
1013,1013,13,I53F,-6.490643401145935,9.399741301785158e-07,53,F,0.006014357919359523,-5.113605681826961,-2.190781
1014,1014,14,I53P,-12.390716066360474,1.449428098121908e-06,53,P,1.6474804451711518e-05,-11.0136783470415,-2.053108
1015,1015,15,I53S,-7.845618271827698,8.879291748779342e-07,53,S,0.0015514263389600474,-6.468580552508724,-0.5504881
1016,1016,16,I53T,-4.317252802848816,6.339424038080378e-07,53,T,0.0528543594135267,-2.940215083529843,-0.6044213
1017,1017,17,I53W,-6.01651852607727,7.356903540383475e-07,53,W,0.009662713140774023,-4.639480806758297,-0.6420573
1018,1018,18,I53Y,-6.050361413955688,9.30553547926183e-07,53,Y,0.009341170675217687,-4.673323694636715,-1.6277938
1019,1019,19,I53V,-2.7400480055809022,2.874798196077926e-07,53,V,0.255889316284014,-1.3630102862619293,-0.14298376
1040,1040,0,R55A,-7.830921583175659,7.979581697753506e-07,55,A,0.0052186398416749795,-5.255518477769929,-0.8068847
1041,1041,1,R55R,-3.086157248020172,3.482788703138312e-07,55,R,0.6000428902238323,-0.510754142614442,-0.2278214
1042,1042,2,R55N,-7.422279653549194,8.577238857954941e-07,55,N,0.007852867336040523,-4.846876548143463,-1.3094938
1043,1043,3,R55D,-9.838202838897706,1.0686260092034478e-06,55,D,0.0007011422735796628,-7.262799733491976,-1.3042145
1044,1044,4,R55C,-8.26320514678955,1.0533677117526314e-06,55,C,0.0033870293442913187,-5.68780204138382,-0.44383946
1045,1045,5,R55E,-8.359198942184449,9.62171843765272e-07,55,E,0.003077013372251087,-5.783795836778719,-1.160846
1046,1046,6,R55Q,-6.817103796005249,6.642257747408233e-07,55,Q,0.01438310981118473,-4.241700690599519,-1.6306894
1047,1047,7,R55G,-10.83160541534424,1.1561113327554124e-06,55,G,0.0002596431655139558,-8.25620230993851,-2.0506504
1048,1048,8,R55H,-6.041353988647461,9.748958730822015e-07,55,H,0.03124328258326985,-3.4659508832417307,-1.4593029
1049,1049,9,R55I,-8.349832763671875,1.2296113175419778e-06,55,I,0.003105968617101922,-5.774429658266145,-0.39679563
1050,1050,10,R55L,-5.681380643844604,8.329786959956212e-07,55,L,0.0447807222791324,-3.105977538438874,-0.6610578
1051,1051,11,R55K,-4.044646043777465,4.882402700870589e-07,55,K,0.23009961885556135,-1.4692429383717351,-0.9283663
1052,1052,12,R55M,-7.439552183151245,8.276112975939816e-07,55,M,0.007718393150432473,-4.864149077745514,-1.3337314
1053,1053,13,R55F,-7.759501323699951,1.7220094441263826e-06,55,F,0.005604988813349223,-5.184098218294221,-1.0076288
1054,1054,14,R55P,-14.662174816131593,2.140058765606158e-06,55,P,5.6335446660371496e-06,-12.086771710725863,-2.9254475
1055,1055,15,R55S,-7.714966268539428,7.38158706398673e-07,55,S,0.005860249127136216,-5.1395631631336975,-1.5346502
1056,1056,16,R55T,-6.465147356987,7.901552856240173e-07,55,T,0.02045057557155122,-3.88974425158127,-0.74891865
1057,1057,17,R55W,-8.61272975921631,1.4655588311995337e-06,55,W,0.0023879341628907707,-6.037326653810579,0.42226994
1058,1058,18,R55Y,-7.171148648262024,1.6126051790229974e-06,55,Y,0.010094691949324922,-4.595745542856294,-0.6752959
1059,1059,19,R55V,-8.167928867340088,1.2016296386718756e-06,55,V,0.0037256059772149256,-5.592525761934358,-0.6468257
1060,1060,0,L56A,-12.264705314636233,1.4928582709769809e-06,56,A,0.000358730368157064,-7.932939515294935,0.31080222
1061,1061,1,L56R,-10.751716556549072,1.3202104553735523e-06,56,R,0.0016287364363435162,-6.419950757207774,-3.4070373
1062,1062,2,L56N,-12.91622594833374,1.4043319804534904e-06,56,N,0.00018698911544271163,-8.584460148992441,-3.2486832
1063,1063,3,L56D,-15.95404291152954,1.4681629484501508e-06,56,D,8.964151401780597e-06,-11.622277112188241,-2.3555863
1064,1064,4,L56C,-9.791541728973389,1.370241169407793e-06,56,C,0.004254508947404028,-5.459775929632091,-0.2840725
1065,1065,5,L56E,-13.496303615570069,1.1666052767466003e-06,56,E,0.00010468676925408149,-9.164537816228771,-0.9236679
1066,1066,6,L56Q,-11.059925832748412,1.274467178038052e-06,56,Q,0.0011967328821509496,-6.728160033407114,-2.6454191
1067,1067,7,L56G,-16.738023853302003,2.1642314372845107e-06,56,G,4.0928948378280865e-06,-12.406258053960705,-1.8191369
1068,1068,8,L56H,-13.671818199157714,1.8800692032396872e-06,56,H,8.783483343711133e-05,-9.340052399816416,-1.5325539
1069,1069,9,L56I,-13.366895523071287,1.340039678211236e-06,56,I,0.00011914971769699238,-9.03512972372999,0.010275598
1070,1070,10,L56L,-4.383446207046509,4.908412640555491e-07,56,L,0.9496323135209807,-0.05168040770521097,0.6602869
1071,1071,11,L56K,-11.53883752822876,1.3787109656144111e-06,56,K,0.000741324780156267,-7.2070717288874615,-4.130673
1072,1072,12,L56M,-7.639172534942627,8.994923494378364e-07,56,M,0.036610992739323174,-3.307406735601329,1.1083124
1073,1073,13,L56F,-11.153678350448608,1.815766847201767e-06,56,F,0.0010896349456250615,-6.82191255110731,-0.05282472
1074,1074,14,L56P,-23.65328056335449,3.3005399164311647e-06,56,P,4.062307138517345e-09,-19.32151476401319,-2.4156985
1075,1075,15,L56S,-13.8447243309021,1.2881312564775892e-06,56,S,7.388811772077454e-05,-9.512958531560802,-2.4529657
1076,1076,16,L56T,-14.019432563781738,1.4618306164825214e-06,56,T,6.204399893044397e-05,-9.68766676444044,-0.8618052
1077,1077,17,L56W,-10.053983001708984,2.128553219055613e-06,56,W,0.003272447175117871,-5.722217202367686,1.9522537
1078,1078,18,L56Y,-11.953806037902831,1.8847075389153467e-06,56,Y,0.000489542029017276,-7.622040238561533,0.5252908
1079,1079,19,L56V,-13.79851551055908,1.362119374950954e-06,56,V,7.738251469540825e-05,-9.466749711217782,0.74679166
1420,1420,0,F74A,-11.481756830215454,1.1709241063889203e-06,74,A,0.00019423735601409948,-8.546429662139555,-2.642974
1421,1421,1,F74R,-10.116316680908204,1.1779325604739775e-06,74,R,0.0007609145348121899,-7.180989512832305,-1.2726353
1422,1422,2,F74N,-10.770208520889282,1.2067277932527436e-06,74,N,0.00039568925956550484,-7.834881352813383,-3.3546069
1423,1423,3,F74D,-12.268108377456665,1.5288264892021767e-06,74,D,8.847582479893608e-05,-9.332781209380766,-5.5607843
1424,1424,4,F74C,-10.4240301322937,1.2016296386718748e-06,74,C,0.0005593680104949378,-7.488702964217801,-1.4559283
1425,1425,5,F74E,-9.72871768951416,1.5916935764331863e-06,74,E,0.0011211610022425378,-6.79339052143826,-5.365973
1426,1426,6,F74Q,-9.52919948577881,1.2307942050858836e-06,74,Q,0.0013687295328189332,-6.59387231770291,-3.0837286
1427,1427,7,F74G,-13.718845472335817,1.6065662184178389e-06,74,G,2.0738507829408516e-05,-10.783518304259918,-2.6872106
1428,1428,8,F74H,-8.474262056350709,9.97444862771576e-07,74,H,0.00393071125612103,-5.5389348882748095,-0.64514863
1429,1429,9,F74I,-7.236023392677307,1.3971491477461147e-06,74,I,0.013559115535382887,-4.300696224601408,0.042239077
1430,1430,10,F74L,-6.653531184196472,1.0487274219197552e-06,74,L,0.024277530768720714,-3.7182040161205734,1.0093378
1431,1431,11,F74K,-10.656600036621091,1.4830785504374524e-06,74,K,0.00044329598711942035,-7.721272868545192,-1.4594886
1432,1432,12,F74M,-6.8509308624267575,1.012692562290825e-06,74,M,0.01992851428198357,-3.9156036943508585,0.9646094
1433,1433,13,F74F,-3.143714973926544,2.765963800283031e-07,74,F,0.8118921191385527,-0.2083878058506448,2.3218274
1434,1434,14,F74P,-17.917869606018066,2.224004493278261e-06,74,P,3.1128951607713725e-07,-14.982542437942167,-2.147228
1435,1435,15,F74S,-11.336668739318847,1.2660542888852007e-06,74,S,0.00022456585091239987,-8.401341571242948,-2.0280268
1436,1436,16,F74T,-8.719180850982665,1.2549426383663916e-06,74,T,0.0030768353840895657,-5.783853682906766,-0.46831468
1437,1437,17,F74W,-7.83136787891388,1.063453771579702e-06,74,W,0.007476124689885901,-4.896040710837981,1.5260748
1438,1438,18,F74Y,-5.197438440322876,7.453927242152838e-07,74,Y,0.10413040487836124,-2.262111272246977,-0.34035188
1439,1439,19,F74V,-7.96344078540802,1.4382075868506018e-06,74,V,0.006551156910777864,-5.028113617332121,-0.9170444
1500,1500,0,R78A,-14.36954899787903,1.460679164255148e-06,78,A,0.0002003800182675385,-8.515294902968682,-0.8631153
1501,1501,1,R78R,-6.086807804107666,6.279784253370035e-07,78,R,0.7925071832790108,-0.23255370919731824,1.872033
1502,1502,2,R78N,-14.276984939575197,1.5146317822335695e-06,78,N,0.00021981355577631,-8.42273084466485,-1.8484215
1503,1503,3,R78D,-17.587517852783204,1.8358168663812208e-06,78,D,8.02247357464688e-06,-11.733263757872857,-3.6302264
1504,1504,4,R78C,-12.523954601287842,1.0322615911662914e-06,78,C,0.0012687786852350583,-6.669700506377494,-1.9658808
1505,1505,5,R78E,-13.901314458847049,1.2309050425128348e-06,78,E,0.0003200413461056808,-8.047060363936701,-1.5954567
1506,1506,6,R78Q,-10.169508867263794,1.16999165622599e-06,78,Q,0.013363144492625366,-4.315254772353446,-0.32795948
1507,1507,7,R78G,-17.877986717224122,1.935747445124098e-06,78,G,6.000110799557704e-06,-12.023732622313775,-1.318949
1508,1508,8,R78H,-16.4557780456543,1.9248162554234097e-06,78,H,2.487806787803759e-05,-10.601523950743951,0.21690974
1509,1509,9,R78I,-16.559835834503176,2.059494960224041e-06,78,I,2.2419448491092422e-05,-10.705581739592828,-1.1021777
1510,1510,10,R78L,-14.65855731010437,1.5489209385268202e-06,78,L,0.00015008583184875632,-8.804303215194023,-1.0124745
1511,1511,11,R78K,-7.528003516197205,7.619105792506868e-07,78,K,0.18754256963513494,-1.673749421286857,1.2365668
1512,1512,12,R78M,-12.644648494720458,1.3133033741075151e-06,78,M,0.001124525174187548,-6.79039439981011,-0.6540205
1513,1513,13,R78F,-23.01987352371216,2.675392177411185e-06,78,F,3.508053464574704e-08,-17.16561942880181,-1.695234
1514,1514,14,R78P,-28.515796604156492,3.828548081408041e-06,78,P,1.439518122878141e-10,-22.661542509246146,-3.0069573
1515,1515,15,R78S,-13.194328002929687,1.1354733326825885e-06,78,S,0.0006490025526783283,-7.340073908019339,-1.3725913
1516,1516,16,R78T,-11.849914226531984,1.1851681810688782e-06,78,T,0.0024895330116371374,-5.995660131621636,-1.5381132
1517,1517,17,R78W,-19.898903007507325,2.1379327803347887e-06,78,W,7.952185037297025e-07,-14.044648912596978,-0.7806462
1518,1518,18,R78Y,-21.36600294113159,2.1473560808558848e-06,78,Y,1.8337202096199684e-07,-15.511748846221243,-0.9382442
1519,1519,19,R78V,-15.03884386062622,1.8325441977825163e-06,78,V,0.00010260850173812394,-9.184589765715872,-1.0914848
1540,1540,0,E80A,-7.46044132232666,8.349961906374949e-07,80,A,0.018116376344777276,-4.010938979338722,-0.48048612
1541,1541,1,E80R,-7.953785085678101,8.882492070292082e-07,80,R,0.011061521299205011,-4.504282742690163,-0.8082345
1542,1542,2,E80N,-10.033016786575317,8.833207258131076e-07,80,N,0.0013829803376306596,-6.5835144435873785,-0.95625806
1543,1543,3,E80D,-9.165050287246704,1.0346816966859498e-06,80,D,0.0032943449096325557,-5.715547944258765,-0.43257207
1544,1544,4,E80C,-10.154098062515258,1.1077000054896896e-06,80,C,0.0012252679557381687,-6.70459571952732,-0.9458466
1545,1545,5,E80E,-3.7253754782676696,4.113739689023982e-07,80,E,0.7589092034581142,-0.275873135279731,0.7381498
1546,1546,6,E80Q,-5.492722449302673,6.832429238949356e-07,80,Q,0.12961067802176837,-2.0432201063147346,-0.24592496
1547,1547,7,E80G,-11.51009337425232,1.3889309601022505e-06,80,G,0.00031574013785094985,-8.06059103126438,-1.207361
1548,1548,8,E80H,-9.625614185333252,1.087188720703126e-06,80,H,0.002078493674980874,-6.176111842345313,-0.35860473
1549,1549,9,E80I,-8.780506000518798,8.948291096298137e-07,80,I,0.004839210663869873,-5.33100365753086,-0.10906453
1550,1550,10,E80L,-8.758858327865601,1.0151593207861038e-06,80,L,0.004945110418285117,-5.309355984877663,-0.27158657
1551,1551,11,E80K,-7.063839764595032,8.60146035580432e-07,80,K,0.026934765699987043,-3.6143374216070936,-0.7979813
1552,1552,12,E80M,-7.727776622772216,9.295267433938004e-07,80,M,0.013866571272630813,-4.278274279784278,-0.22281173
1553,1553,13,E80F,-11.647796573638916,1.3742178862033895e-06,80,F,0.00027512246541344296,-8.198294230650976,-0.50721186
1554,1554,14,E80P,-16.84363332748413,2.573931468705941e-06,80,P,1.524062662382537e-06,-13.394130984496194,-2.6355798
1555,1555,15,E80S,-8.47144552230835,9.188987327915876e-07,80,S,0.006591705390687151,-5.021943179320412,-0.70206463
1556,1556,16,E80T,-8.235719861984252,8.497339841018056e-07,80,T,0.008343958632948206,-4.786217518996314,-0.389715
1557,1557,17,E80W,-12.965296545028686,1.252875455019332e-06,80,W,7.367889215411547e-05,-9.515794202040748,-0.81925213
1558,1558,18,E80Y,-11.22016872406006,1.3250239893309325e-06,80,Y,0.0004219320056036504,-7.770666381072121,-0.30295718
1559,1559,19,E80V,-8.314504137039185,9.294778196461188e-07,80,V,0.007711814356060303,-4.865001794051246,-0.4352002
1560,1560,0,A81A,-9.081259670257568,1.11885142334461e-06,81,A,0.966924801194133,-0.03363455160530405,1.4819385
1561,1561,1,A81R,-25.672783908843996,3.7807383579063e-06,81,R,6.02261742937799e-08,-16.625158790191733,-3.5773342
1562,1562,2,A81N,-22.33158815383911,3.493052693720052e-06,81,N,1.7015634804375059e-06,-13.283963035186847,-1.2416245
1563,1563,3,A81D,-23.621350803375243,3.20133567397392e-06,81,D,4.6850189768415464e-07,-14.57372568472298,-3.5927114
1564,1564,4,A81C,-14.33387984275818,2.5010824875089632e-06,81,C,0.005060678447658106,-5.286254724105915,0.8031263
1565,1565,5,A81E,-25.16898086547852,3.5223519023098177e-06,81,E,9.967452124744639e-08,-16.121355746826254,-2.417712
1566,1566,6,A81Q,-24.508899765014647,3.577689846097829e-06,81,Q,1.9286514046286058e-07,-15.461274646362384,-2.0441945
1567,1567,7,A81G,-18.943809852600097,2.4032592773437496e-06,81,G,5.036647745989703e-05,-9.896184733947834,-0.3333654
1568,1568,8,A81H,-24.27232360839844,3.5169771031543303e-06,81,H,2.443416246768718e-07,-15.224698489746178,-2.1665926
1569,1569,9,A81I,-27.13175121307373,3.7684498233840416e-06,81,I,1.4001153828280146e-08,-18.084126094421464,0.3184272
1570,1570,10,A81L,-29.01648727416992,3.8590711375550775e-06,81,L,2.126343167301246e-09,-19.968862155517655,0.6278052
1571,1571,11,A81K,-25.99915142059326,3.6038291221029608e-06,81,K,4.345559164889312e-08,-16.951526301940994,-3.7883554
1572,1572,12,A81M,-23.340003623962403,3.10353229234948e-06,81,M,6.2072449219829e-07,-14.29237850531014,0.3791463
1573,1573,13,A81F,-28.845889320373534,3.97150109102677e-06,81,F,2.5218723841839068e-09,-19.798264201721267,-0.88884926
1574,1574,14,A81P,-24.806712226867678,4.013779434563511e-06,81,P,1.4319090339501513e-07,-15.759087108215414,-3.001773
1575,1575,15,A81S,-12.63744508743286,1.5245670401300497e-06,81,S,0.02760329943160377,-3.589819968780597,-0.27146837
1576,1576,16,A81T,-17.001304569244386,2.635387132969041e-06,81,T,0.0003513669459256671,-7.953679450592122,-0.6991897
1577,1577,17,A81W,-31.322350997924804,4.562671358502785e-06,81,W,2.1193830891826783e-10,-22.274725879272538,-0.7957298
1578,1578,18,A81Y,-28.83055437088013,3.6757433930645824e-06,81,Y,2.560843213979924e-09,-19.782929252227866,-0.5836486
1579,1579,19,A81V,-21.0896187210083,3.15699330691537e-06,81,V,5.89153724286368e-06,-12.041993602356037,0.17128675
1580,1580,0,R82A,-15.10605583190918,1.3554258731414703e-06,82,A,0.00010202192651373432,-9.190322801960919,-0.46830463
1581,1581,1,R82R,-6.679219489097595,7.87849856630361e-07,82,R,0.4660387661519076,-0.7634864591493344,0.82816184
1582,1582,2,R82N,-15.398167152404785,1.522776310440984e-06,82,N,7.61782840234833e-05,-9.482434122456523,-0.92530614
1583,1583,3,R82D,-19.1855020904541,1.7989846988756724e-06,82,D,1.7258876493367492e-06,-13.269769060505839,-2.325543
1584,1584,4,R82C,-11.495268449783325,1.069604312519431e-06,82,C,0.003774318585091542,-5.579535419835064,-1.1336426
1585,1585,5,R82E,-14.161366758346558,1.3667520506556485e-06,82,E,0.0002624017771089793,-8.245633728398298,-1.2697107
1586,1586,6,R82Q,-10.76439351081848,1.1811324748094504e-06,82,Q,0.007838870837119026,-4.848660480870218,-0.25590795
1587,1587,7,R82G,-18.672724990844728,1.7589022649228671e-06,82,G,2.882098276407135e-06,-12.756991960896466,-1.2253664
1588,1588,8,R82H,-16.725688648223876,1.5347935618811702e-06,82,H,2.0197421337291933e-05,-10.809955618275614,-0.35666114
1589,1589,9,R82I,-12.808698587417602,1.5451584195881376e-06,82,I,0.0010148996306172256,-6.892965557469342,-0.5437811
1590,1590,10,R82L,-13.930167264938357,1.3770938249323215e-06,82,L,0.0003306552603042546,-8.014434234990096,-0.51126474
1591,1591,11,R82K,-6.576998348236084,6.6456800041902e-07,82,K,0.5161977666189703,-0.6612653182878234,0.38803035
1592,1592,12,R82M,-11.965402297973633,9.991303141562508e-07,82,M,0.0023586419558175205,-6.049669268025372,-0.73018944
1593,1593,13,R82F,-22.820200634002685,2.113201122871433e-06,82,F,4.554943560191992e-08,-16.904467604054425,-0.93519294
1594,1594,14,R82P,-29.69268293380737,2.8847662853725783e-06,82,P,4.7184771936390245e-11,-23.77694990385911,-2.2661777
1595,1595,15,R82S,-14.74861846923828,1.4114379882812491e-06,82,S,0.00014585677085844092,-8.832885439290019,-0.922145
1596,1596,16,R82T,-12.876793060302736,1.1658254081677354e-06,82,T,0.0009480910364071599,-6.961060030354476,-0.6362521
1597,1597,17,R82W,-20.418325576782227,1.8625725732015548e-06,82,W,5.030418111040372e-07,-14.502592546833965,-0.7838825
1598,1598,18,R82Y,-21.30847505569458,1.8659875445102744e-06,82,Y,2.0654613700527863e-07,-15.392742025746317,-0.54734355
1599,1599,19,R82V,-12.944559850692748,1.6752939145717343e-06,82,V,0.0008859705734293099,-7.028826820744488,-0.6988494
